login_frequency,data_transfer_volume,action_count,unusual_hours_activity,failed_auth_ratio,session_duration,api_call_frequency,resource_access_count,is_anomaly
12,379.41970663338435,13,0,0.1494918948359428,53.81698732568754,29,10,0.0
9,208.2085711364587,19,0,0.026274110896003115,56.91278531675846,30,8,0.0
12,314.6449114238516,21,1,0.048181026461584155,72.27802515002148,24,6,0.0
14,179.81131968059017,11,0,0.03346366007568363,49.53608988359501,25,8,0.0
5,289.59738159067655,16,1,0.005341525848044846,35.02308288155232,20,12,0.0
8,101.84085132629149,17,1,0.10759367315997814,58.79062544960754,34,6,0.0
45,2332.025245782038,99,0,0.6331911383281486,27.789039215915142,326,52,1.0
12,134.6036407383344,16,0,0.013550442095111349,47.64458324322234,30,11,0.0
45,2756.859881832733,132,1,0.5041873231706704,68.32043453121757,305,58,1.0
10,518.5370224915046,11,0,0.011636516856771079,32.88748182996503,25,8,0.0
9,297.55833470237883,8,0,0.011274731211654558,71.55797294998307,41,8,0.0
15,134.49732072407295,11,0,0.09783460867113668,29.01304424509848,31,14,0.0
17,167.7608283227338,19,0,0.08593714726033787,30.091727021888953,46,7,0.0
16,284.3194962945982,16,0,0.019135826994687834,29.706321732539994,37,4,0.0
8,85.33483690307966,11,0,0.06364728358507617,33.61541024634422,26,9,0.0
7,313.27565412775834,11,0,0.028282223740129238,39.277174345854405,35,7,0.0
6,209.5024450385627,20,0,0.03174566239537626,25.194064961802294,36,5,0.0
20,178.15496009283459,21,0,0.07152461329897838,30.474887300134334,26,9,0.0
11,369.1278956084399,10,1,0.022240399709871825,32.26460482721117,32,5,0.0
44,1894.2412237273804,111,0,0.3710073529012909,37.2046023381323,276,46,1.0
12,554.0103996719668,11,0,0.02294746866081694,19.050494057047064,35,6,0.0
6,171.19739633918832,12,0,0.021470227164815052,109.44669253222943,24,11,0.0
10,143.79948463768972,17,0,0.06408051741260581,67.09916174697976,28,13,0.0
12,54.349442772366395,20,0,0.04274251475151478,23.745592546797724,24,8,0.0
10,286.88451866725785,16,0,0.02949785134108531,62.30382559883341,28,6,0.0
11,259.2357650751312,14,0,0.0204187490655016,29.26467414442324,31,9,0.0
11,126.99806344166547,12,0,0.04090991197155504,20.36816508250385,29,13,0.0
18,407.82906601876317,20,0,0.03340944832490859,29.352551596925153,29,5,0.0
13,191.2043623018539,16,0,0.012641319188600343,39.94520260854606,39,10,0.0
6,199.34618415736088,12,0,0.009200922328188076,96.28860000435644,31,4,0.0
54,2539.883130033855,100,1,0.40179505256968145,11.55442561035188,326,45,1.0
16,261.5632031111428,22,0,0.0003521750902876653,32.83858433539505,28,8,0.0
15,416.61437032069813,17,0,0.007333734983803658,37.041368899829806,27,5,0.0
11,337.4596784419269,19,0,0.0615750928877617,29.357459925566836,24,9,0.0
11,308.91552116916006,10,0,0.012756810833726725,77.52432856681244,29,6,0.0
3,233.25680473960725,20,0,0.040915979466698636,45.14785333504616,21,6,0.0
52,1902.687731518164,98,1,0.6829660136024519,34.39071530292942,257,45,1.0
13,226.53893150906123,15,0,0.02319680385780753,28.55447778057902,22,7,0.0
10,381.43084823310136,14,0,0.041372579299547824,92.9182694701665,27,8,0.0
45,1665.2266640077737,102,0,0.31087130261626694,52.589800536516606,297,41,1.0
12,138.63279896893675,17,1,0.026177243332095645,84.11185761396166,36,15,0.0
18,213.31480729755077,10,0,0.08759475480814101,65.37195442586703,34,7,0.0
12,164.06215906143368,19,0,0.04879786829085942,27.513678480838553,26,4,0.0
9,154.79804766186297,21,0,0.014200984470676461,23.601501149127603,36,14,0.0
6,150.86536160178275,17,1,0.07984343435456238,81.0840315516552,31,11,0.0
13,307.11582665689525,12,0,0.09261609070398329,47.45740364117293,38,7,0.0
11,174.5622948114217,11,0,0.04278618667498574,23.63545484239124,22,4,0.0
11,292.2993958895007,19,1,0.058119131456879435,30.31776294993552,30,6,0.0
10,172.49318049637714,16,0,0.033506376874683004,39.083941227912085,22,9,0.0
12,164.77540387950174,15,0,0.027796075079251806,93.73351560155513,27,6,0.0
51,899.0245124471132,110,1,0.5647434716339176,27.191594915341348,308,50,1.0
8,86.13861193199945,15,0,0.018434293001683394,24.92136270863624,31,4,0.0
9,270.5703359225387,21,0,0.07029686068339226,75.94386670014433,23,6,0.0
12,195.55822134029327,15,0,0.16884765082412168,23.18378199697839,35,5,0.0
10,419.82493021131313,13,0,0.00829391112697508,68.28180307620985,23,8,0.0
14,338.33773573197334,16,0,0.1324870869369283,26.8226006767889,34,15,0.0
54,1874.445622607716,83,0,0.5730625445855404,59.75755573619599,277,46,1.0
13,230.18683859694468,14,0,0.004588969227897035,39.209091306003586,24,9,0.0
17,473.5960277761491,18,0,0.07272588581792132,38.78986682063916,26,9,0.0
15,291.59629964555205,15,0,0.08825861873391748,49.1027050940826,33,3,0.0
15,124.7576211504715,11,0,0.030090100175439383,67.3096135969506,33,4,0.0
14,261.31093586547365,14,0,0.09364307703758118,50.38218488045032,28,5,0.0
12,323.2989263070823,15,0,0.04312997815027572,14.040445760779107,24,9,0.0
9,285.00582922671606,18,0,0.0007523601236121236,104.48299510188531,30,11,0.0
10,269.82158516721665,15,0,0.01305717811552437,85.3759111055246,30,10,0.0
13,72.71066333066032,13,0,0.011152865287141007,56.856034230467614,20,4,0.0
11,145.98022513714207,15,0,0.015184747896515447,63.72497961738399,21,7,0.0
10,288.51235848571764,26,0,0.010220439910784432,7.685087676772459,33,4,0.0
10,284.52840853950414,18,0,0.004336695076582704,53.51351646748668,26,6,0.0
5,120.00948557233598,10,0,0.11955207887498279,10.940687015660508,40,5,0.0
15,137.90730486053252,19,0,0.03315046278037925,101.69158314149976,25,12,0.0
15,49.93801046747359,18,0,0.0807167810461559,88.22932485289732,25,9,0.0
7,176.99097403991567,8,0,0.0027598920789380426,41.98112880536275,27,4,0.0
11,532.7419622518564,16,0,0.08152849255018516,64.92147451104387,29,6,0.0
4,343.6831837865496,18,0,0.09245406935218448,45.82274011208676,39,4,0.0
7,316.464569004579,14,0,0.017309377824977067,46.62532803085929,21,8,0.0
57,2191.651127244542,108,1,0.3102631025715446,68.96867007665743,278,42,1.0
10,512.0850350638154,11,1,0.03612072109660331,17.82578112133937,30,9,0.0
13,225.9982424543373,15,0,0.09723634396512554,27.931752875322434,30,10,0.0
12,123.44264571247854,13,0,0.002542774771718821,138.1076517058631,41,9,0.0
11,145.15829122355504,23,0,0.016660022333129923,34.228607270083614,35,14,0.0
11,536.7054321279486,18,0,0.08860490859502383,83.1118429213571,31,8,0.0
10,299.5648765975635,10,0,0.05876702094387609,77.68317891324207,27,8,0.0
17,191.0421821496785,15,0,0.07713163274080512,19.445606455568107,35,12,0.0
10,133.07738189263642,25,0,0.07981238515260604,14.326652721459984,29,9,0.0
7,495.37731070068907,14,1,0.07444778958018265,99.84360583360427,30,9,0.0
9,156.25185582359137,11,0,0.029568553232240245,26.72756827191875,29,13,0.0
11,207.9500850255531,13,0,0.02722346849000286,79.38973939511753,24,8,0.0
11,157.78113924074916,20,0,0.008691400451941233,15.236818706807949,40,6,0.0
10,271.4270465124772,14,0,0.008977112477209427,20.181402839382066,33,5,0.0
12,373.59641019408235,9,0,0.00397446344703157,26.52175714221994,31,5,0.0
45,2351.7288672066516,76,1,0.761657279808626,64.87303286629279,289,53,1.0
4,211.79679671247098,21,1,0.015775864183555702,96.7529473953092,32,9,0.0
46,1908.0017991080038,82,1,0.31542363575662097,14.912890611319146,339,47,1.0
9,272.0883919744811,20,0,0.035534272529681235,44.05560028059491,31,8,0.0
12,180.1554130752594,9,0,0.030045575346451577,24.772260897587408,33,9,0.0
10,208.54783695076856,13,0,0.05531106321957103,13.833029378472233,27,12,0.0
8,207.6556144214293,6,0,0.020788816179412247,27.261527547951328,22,12,0.0
7,219.41880594400834,16,0,0.06016632249817915,97.02306046615033,40,8,0.0
10,238.33755227397307,6,0,0.01559193753826353,44.78248355645113,24,8,0.0
52,2154.41446725702,95,1,0.20847733156377724,188.07359333201225,282,53,1.0
11,221.9342138956389,11,0,0.03382783602159421,94.6901872970468,41,4,0.0
9,190.77268263113388,16,0,0.024941939194568816,34.42062657848123,28,7,0.0
11,260.6876221372908,12,1,0.014726287762099072,59.51197251098584,31,5,0.0
8,132.6563788412271,14,0,0.041496592644564345,37.24984055697541,31,7,0.0
15,408.3208615545074,14,0,0.061210800547039854,35.95178431324449,21,3,0.0
12,79.66977230112664,12,0,0.0878144381385496,52.652825012680665,35,14,0.0
10,335.60890301587295,11,1,0.0011509513858281393,50.197134990508296,24,12,0.0
11,84.21555307989921,21,0,0.001155595905363107,85.62877849834705,41,6,0.0
13,217.37237718123583,20,0,0.0022547405697837955,22.56316119510736,29,4,0.0
12,265.3434421319557,14,0,0.02024476220555597,56.171928004961515,25,7,0.0
11,169.2474834680395,9,0,0.04891553560296049,28.344067923042044,42,3,0.0
10,235.76834875705322,12,0,0.014613659983626178,30.237160898188115,27,8,0.0
11,358.37624883885746,17,0,0.12888959591383145,55.3052148966058,26,7,0.0
37,1492.2728746804764,92,0,0.5494620086262015,133.93112857948168,320,46,1.0
9,223.36489416860795,15,0,0.07888588235149369,80.85296914288007,26,11,0.0
11,478.9454983993701,12,0,0.02645767479803409,38.72163459769156,23,10,0.0
41,2656.3603552224463,98,1,0.6663016233109998,40.18285839156962,296,50,1.0
8,288.66046065522215,14,1,0.07286730390416393,56.09717760293316,30,7,0.0
15,191.46262310302123,21,0,0.024060700109548083,52.69336514146913,31,4,0.0
38,1349.3032666164356,95,1,0.5806040505212975,61.81689596331624,288,45,1.0
50,1972.278860239292,98,1,0.29911019527304195,163.36419294258738,280,62,1.0
7,436.30544219669343,18,0,0.015286816269731478,33.0470975161604,27,3,0.0
13,254.42960109789908,13,0,0.018843386439576393,76.939481288942,24,10,0.0
50,1983.0717561978684,94,1,0.37926264369891854,124.17127481232275,315,61,1.0
8,65.05934279850094,13,0,0.00023999699223071683,11.30800835137203,30,8,0.0
6,129.78295187842767,18,0,0.027031885486874185,26.52258057768651,29,12,0.0
53,3191.7307036615134,107,1,0.6320215923844807,26.287133454104918,305,47,1.0
4,172.88965349680353,13,0,0.019040110735357565,89.7862606502373,27,8,0.0
6,255.87672374264255,15,0,0.04487492335986345,55.218034157680634,24,8,0.0
10,166.0520896220026,14,0,0.11432860897488259,80.58801672251411,28,8,0.0
6,115.60185126583575,16,0,0.09624288245487551,24.447475637940546,33,5,0.0
9,157.52023112658475,19,1,0.04621844992666463,27.07900621812533,34,8,0.0
14,122.15283395104674,23,1,0.003146580639858636,94.12201940970996,24,7,0.0
13,406.65563818705834,10,0,0.11902599846261402,79.81995050170414,27,7,0.0
52,1357.6983983183088,105,1,0.5628198384254404,115.85550550670544,288,47,1.0
6,388.4691723397772,15,0,0.14046841388608855,60.58658366080317,29,7,0.0
7,235.37193134995698,17,0,0.002475272546206985,27.648257892876746,32,7,0.0
11,104.69216105396968,15,0,0.008295046622215255,50.4038429526945,23,7,0.0
6,289.86686640292436,17,0,0.011582990370291722,30.25779365405247,37,7,0.0
11,288.1688800268143,26,0,0.1437430520703043,43.711872138512,46,10,0.0
42,4081.4870584221076,102,1,0.39676443809314077,87.56265248984774,273,55,1.0
49,3292.1454298758285,93,1,0.2305199997686049,2.083555804591312,329,39,1.0
6,276.3973288373784,13,0,0.1393260575308095,77.739912870579,29,7,0.0
7,285.5433989218026,15,1,0.07096060837271088,13.083134120155801,27,8,0.0
16,413.31727504820475,23,0,0.07576605183198899,29.925654447351874,21,7,0.0
2,327.4734024060242,15,0,0.047784640722740135,30.355928064028316,38,10,0.0
7,140.05966107537736,14,0,0.0014220027719537133,33.05940834828901,31,6,0.0
7,261.6908818988076,15,0,0.14440862368143573,24.86697624372476,26,9,0.0
12,242.6585469949819,15,0,0.09613105217093817,47.59194346107216,26,9,0.0
57,2023.757731996901,95,1,0.728250082303349,17.920776210724668,306,45,1.0
12,253.06393842758493,14,0,0.10435205220871874,59.29095434555998,28,13,0.0
9,204.40144086525626,13,1,0.01351588869404349,32.936169031776636,28,12,0.0
11,253.8618194224354,13,0,0.13473922020976586,55.43175266186933,32,11,0.0
6,184.56400957276574,11,0,0.022432471734972554,54.75661662843952,20,13,0.0
12,109.06719080414517,15,0,0.10173403755782122,47.61009863981845,28,8,0.0
8,492.51884799892565,16,1,0.02463770127673525,20.244807349288276,26,13,0.0
53,1909.0593464678666,102,1,0.5070007745144438,62.37415786195636,323,44,1.0
54,3492.5767746876945,91,1,0.3265951936400452,153.77137294821276,279,59,1.0
61,2102.114770734697,109,1,0.5594058228378641,54.589882110362424,296,51,1.0
12,181.60820744591263,15,0,0.00710872967138599,23.17896632014896,30,10,0.0
12,294.268449064942,14,1,0.04213192725502497,23.504481300556503,27,8,0.0
7,280.11934818634916,18,1,0.16165752410285936,18.63385404988621,26,6,0.0
10,273.3898880716579,18,1,0.018104366242315994,90.71908996532615,27,3,0.0
6,272.47133540757835,11,1,0.023499639738292246,41.1012552881087,29,7,0.0
11,372.1231422676986,19,0,0.10360952492756419,11.04115044962937,31,9,0.0
8,329.5379678032633,15,0,0.18256296495563776,83.78099003787966,25,6,0.0
8,182.8585488605394,13,0,0.018437804740504896,11.087432039909686,45,12,0.0
11,214.30115330754137,14,0,0.0035114489092608996,57.75716573063075,33,4,0.0
55,1497.1698899971059,106,1,0.32570085479678723,66.12371702248927,274,40,1.0
11,159.65446557119128,17,0,0.09412812139439608,30.283377857914093,31,9,0.0
14,219.1279655058945,12,0,0.06740549627682148,41.50748218035422,37,5,0.0
7,228.45189092035278,15,1,0.00870674277281699,27.220242450264205,30,10,0.0
9,238.8731056087874,21,0,0.042316790898894494,39.706845367840764,42,9,0.0
14,378.74367153199,17,0,0.029000028577361822,90.93049640129108,33,7,0.0
10,382.2533813585181,13,0,0.07377762713076312,120.2667292002426,30,9,0.0
48,1055.1106006056652,96,1,0.5375645410613268,6.094543240264928,296,48,1.0
13,112.47651493746787,18,0,0.08796622906269032,90.71255362857458,34,7,0.0
11,255.09106223923186,9,0,0.002337338465240881,32.33157909635894,24,10,0.0
13,465.2812974389758,12,0,0.0831480734836695,12.80635959373058,36,4,0.0
9,142.0692817843529,12,0,0.0027540328705963693,40.16062322135061,37,5,0.0
12,192.44784923539618,19,0,0.10725444695237638,33.73826899527428,24,10,0.0
45,1765.9568215597915,107,1,0.4300078159643822,140.77109934241798,311,48,1.0
18,369.06039489111333,14,1,0.0741968143430869,52.89228501280645,29,9,0.0
42,1634.3817668077866,107,1,0.4730459188726841,63.44182422197531,322,44,1.0
5,369.26467443959956,19,0,0.325663366926032,37.99710795967718,41,10,0.0
5,266.39975826705944,16,0,0.0011040221816033615,71.51602800826433,25,9,0.0
8,36.42768391062949,21,0,0.00800010553694183,42.879581004319405,27,7,0.0
14,297.5768395616369,9,0,0.03592634696769591,39.52866365004922,26,4,0.0
12,384.36629751029733,10,0,0.0041117852322316096,42.31207298958663,30,8,0.0
8,161.7683263856794,21,0,0.010495501087915911,122.44984264368925,23,6,0.0
8,439.5625896518744,24,0,0.004956657691563011,33.05353673240071,21,5,0.0
45,1355.7380069882815,98,1,0.27257730640467015,188.24674467511412,287,51,1.0
12,288.3013923641551,16,0,0.001676344948799264,28.97488761749335,21,8,0.0
44,3084.8162680741443,101,1,0.4251221750861897,148.22570344912836,313,56,1.0
47,3220.120969484079,91,1,0.5135320138749807,30.559798505459433,312,51,1.0
10,225.43687410455334,10,0,0.0010440278311218735,76.31188159660884,29,10,0.0
7,277.656721717746,8,0,0.044276270642572044,38.40233962594694,34,11,0.0
5,367.77459308411363,17,1,0.021377361258638,44.58109748718969,30,7,0.0
9,313.22292215763406,15,0,0.05936990542918161,70.61804500126783,28,7,0.0
7,147.06474594573638,13,0,0.09362156622037301,33.07779006705041,37,10,0.0
7,209.4070857684708,13,0,0.05298946414095179,21.63721925720147,33,9,0.0
8,338.88126924743204,17,0,0.0005447889557134831,51.26221988868488,26,5,0.0
12,149.37034355484033,13,0,0.019803899937578306,35.44857813142427,23,7,0.0
46,2530.3138720442907,90,1,0.17649100786104568,34.88265096815457,258,39,1.0
4,187.5996203876147,17,0,0.06806841738600068,21.92275233723979,26,7,0.0
11,155.55838844908166,18,0,0.0341833153303499,79.72744228517989,28,6,0.0
9,159.41290593600783,12,0,0.01594192673247578,26.56383920360797,29,10,0.0
6,213.496306616522,24,0,0.06581061957212044,50.997450787826615,31,7,0.0
9,217.6098391534337,19,0,0.10139262025042482,47.67523307447246,30,8,0.0
14,461.69943116058437,14,0,0.042980196237419936,74.79436387116792,23,6,0.0
6,204.48815583525874,16,0,0.06130568366386513,43.26953830434463,36,6,0.0
7,71.05169348469428,18,0,0.0780073702691159,61.24731235132216,41,10,0.0
5,338.2617391984308,20,0,0.11599080446411174,30.703271496132324,32,8,0.0
9,70.57043595404137,14,0,0.17524212956107346,13.350000974752858,19,11,0.0
10,95.52520995621083,22,0,0.04831781992414359,24.286791170029446,30,10,0.0
6,164.94282611866186,15,0,0.04800296643161472,49.55122121134012,37,5,0.0
7,217.81032270512722,14,0,0.012512986027531535,49.762736851318046,37,17,0.0
6,147.6976104522028,23,0,0.0025159157877436555,36.97690516342071,30,8,0.0
9,307.180447268101,10,0,0.029963724048047567,31.218862042331562,35,11,0.0
16,344.2585232917431,18,0,0.01656764165702231,77.80785819733309,32,8,0.0
15,184.1571244992418,15,0,0.08246120483808012,40.075004076949725,29,11,0.0
8,342.8356172282662,10,0,0.07869938211491535,45.29141663838003,30,11,0.0
12,123.55544075028494,12,1,0.04316706636880403,35.31942910218433,29,8,0.0
9,349.95961508304913,13,0,0.017326563029720438,55.68444086404657,27,6,0.0
11,315.59187734029064,13,0,0.11388913730661011,43.696249758278626,26,8,0.0
6,223.8270462115061,13,0,0.08319218691176067,64.88386204967603,23,6,0.0
6,334.4123802664396,10,0,0.01458717396827842,50.412769243017124,36,4,0.0
7,316.8113233887035,18,0,0.0046039069869656425,43.638541852635775,32,11,0.0
11,119.22950097493444,23,0,0.14951075144775766,33.04338054792789,21,9,0.0
14,191.22587893914985,8,0,0.023389732538858007,46.83449859916295,35,11,0.0
10,225.22545221866253,18,0,0.026772071157804736,46.50095528164145,26,5,0.0
9,457.2465968427399,14,0,0.006022711962158993,64.68966445069513,35,10,0.0
8,143.88765915103642,15,0,0.09919026424064517,54.461561092349285,36,3,0.0
51,1383.2217754915564,111,1,0.6422828425420232,11.289840986130782,276,40,1.0
7,320.21360452869936,14,0,0.02625456252509289,71.50730271002337,26,6,0.0
6,92.15869595978721,12,0,0.03749009210131391,38.44466198886874,27,11,0.0
10,255.58756876450502,16,1,0.0010536344775629028,45.90043449440074,28,9,0.0
8,359.94196948591275,14,0,0.029771695173700097,56.41176572468158,40,2,0.0
5,312.90544152137113,22,0,0.04553033351896639,28.68266102190865,34,6,0.0
36,2133.462623458991,97,1,0.5044051241222837,22.16120551658783,280,45,1.0
7,275.319143877477,14,0,0.0927160978131342,72.4749767884762,31,13,0.0
5,121.97142579281837,17,0,0.10276674304293236,25.46791464154982,24,4,0.0
12,269.17507933932484,14,0,0.11255891193281763,18.672256826160208,21,8,0.0
7,166.41154974312371,18,0,0.013549361777997426,44.48787272401172,27,10,0.0
15,310.1932270738218,17,1,0.08505003583956187,85.00281509163412,34,5,0.0
8,213.82983938670571,18,0,0.06697644721316891,55.68697468808591,35,6,0.0
6,110.84751010036116,13,0,0.008938578408470805,14.581837233309962,36,7,0.0
9,66.68748204468513,14,0,0.01593529108450114,95.46445811856262,24,5,0.0
10,191.0934918508562,16,0,0.14512788297196005,43.75689665089902,29,9,0.0
8,249.1160014271066,16,0,0.04070016264594699,37.197982864016346,24,10,0.0
6,275.57980512006736,16,0,0.11047039044274296,78.82047701870204,34,3,0.0
10,459.5349582509703,11,0,0.07748956671428847,6.282425782932123,36,6,0.0
8,270.76461395020016,24,0,0.060150262956696746,78.01252345093613,20,10,0.0
37,4035.898334446637,87,1,0.4727529385401651,107.76210564164889,305,43,1.0
8,304.908473573752,11,1,0.03947856127455225,66.53984926689752,27,4,0.0
8,221.49505181794345,10,0,0.021314389127262957,59.3382756918171,26,10,0.0
42,2348.936143614139,94,1,0.5201963915155123,65.68013823403925,311,46,1.0
13,342.07120787415005,7,0,0.031792467627529505,29.803822554696698,34,5,0.0
7,311.01751053595024,14,0,0.03911075060055959,16.35520015840374,34,10,0.0
8,213.40280200046942,13,0,0.029882175771498404,36.72002078802397,39,9,0.0
12,244.0869341140776,17,0,0.05517421904083335,37.13997584361365,45,5,0.0
14,167.58222140931488,17,1,0.0004922437266320194,69.40018223359813,34,12,0.0
11,251.58580784767386,10,1,0.058872313854036976,36.051446592014216,48,13,0.0
6,209.3214687344552,16,0,0.028841537270773737,10.440432701230918,37,5,0.0
8,195.94263692330537,12,0,0.01296831628940736,49.84542203593876,23,8,0.0
12,281.71360150685973,15,0,0.029911087335042306,17.84420708991255,28,16,0.0
8,202.8892531391139,18,1,0.02915917337760965,11.130687811084691,25,7,0.0
6,175.96605948178546,18,0,0.02071036508251442,63.73520991238418,33,15,0.0
51,1726.1191031372032,105,1,0.3650349159395603,17.25012073736444,282,54,1.0
9,216.896228180975,16,0,0.008467744202146486,45.31060692888498,37,10,0.0
13,428.5487740893605,16,0,0.02264604439757749,32.16870839965624,35,11,0.0
7,220.94704619640683,17,0,0.02352873863296603,48.82165111212571,40,4,0.0
19,133.74638063340555,20,0,0.11314801296216725,30.854210191296655,35,10,0.0
13,128.1197026183416,13,0,0.0072592664150433845,41.026216135519086,36,6,0.0
13,347.7113600519048,15,0,0.23590300238963233,34.555197820566754,27,9,0.0
6,255.30134254938903,19,1,0.06949226901864801,15.478807634792018,29,3,0.0
15,196.75881551814726,14,0,0.02107588976338594,39.08692274532042,27,5,0.0
12,427.75635705601394,13,1,0.021931154385806742,31.295500343824145,35,12,0.0
12,469.3252743896154,9,0,0.028400902638874827,60.65344860510267,29,12,0.0
9,417.70962166551493,14,0,0.021261771976100387,85.58521021084985,31,8,0.0
8,158.16724425923792,12,0,0.013073823112971622,58.959852683006154,33,11,0.0
18,286.12198979613225,10,0,0.01881221839114282,38.35253601030168,30,7,0.0
7,235.59661047986157,13,0,0.04366188407538079,45.399805025975844,31,9,0.0
11,293.57625793483686,11,0,0.038194094940884146,51.20281631963163,42,8,0.0
11,281.50591153482725,15,0,0.016908485430226036,24.568111879065853,25,9,0.0
11,318.20945705499406,13,0,0.003940196504301809,50.47318659260544,34,6,0.0
8,54.55183268954453,16,0,0.006019481484392977,63.94128936057714,21,7,0.0
11,174.09001868545727,22,0,1.0634352846587774e-05,17.614613100919062,20,11,0.0
48,2133.1381442465818,87,1,0.16656169854817704,26.447959267644762,322,49,1.0
5,139.84554928306753,13,0,0.08356160089409723,31.446755742037553,26,5,0.0
13,164.24661389052645,14,0,0.03262257010341121,38.817341350627785,28,9,0.0
16,128.99778470518243,12,0,0.03171332223517341,50.8404261599983,37,12,0.0
6,152.19285104047628,10,0,0.06822804743053212,47.030743725040125,27,10,0.0
7,186.59625973302195,15,0,0.04035094627212316,19.280776058299978,32,9,0.0
50,1694.4470949236163,127,1,0.7557151593556373,100.9518170492585,306,46,1.0
10,223.39105330241935,15,0,0.046211553436648276,33.05825397752237,34,9,0.0
9,65.45929285873144,18,0,0.0031840307960301025,58.45326085797444,26,13,0.0
5,266.85546623364,12,0,0.005966637475764122,32.58732486369258,21,10,0.0
14,206.7421461932718,9,0,0.0015321759988755853,34.14923845706679,30,7,0.0
9,505.3508296906214,16,0,0.002179615332274738,72.6466777999579,30,10,0.0
9,309.25855634047394,18,1,0.05061772029059194,22.794714736643616,29,10,0.0
13,144.02897118284898,17,0,0.0023798470354853395,76.82277423995798,30,7,0.0
8,258.286022501048,22,0,0.0012961558812718899,44.96796328123763,34,16,0.0
9,78.67132221299119,20,0,0.0026484124224459495,17.670903160667994,43,6,0.0
13,226.46865979702403,11,0,0.024558419452915117,59.77146634809641,23,6,0.0
6,145.38204137839682,23,0,0.011284965350984494,45.20643521438048,30,14,0.0
8,126.46765151765618,24,0,0.09835818067109471,43.40333156657298,33,7,0.0
13,224.4365361769828,14,0,0.0338521495739014,7.017771790968049,27,11,0.0
51,1398.279784516043,81,1,0.4949242916702053,37.53426393044502,317,55,1.0
8,433.9642111967398,10,0,0.015768931286467086,17.22935921343976,31,7,0.0
12,126.08311533887426,12,0,0.02111044003670657,29.601872372164085,29,8,0.0
13,237.8255357479387,9,0,0.05770331600951778,14.243155293910169,23,10,0.0
47,2744.002235863202,107,0,0.45343093122650724,20.801755777660674,310,50,1.0
12,376.0318580569189,16,0,0.09261283403971636,47.695553853269914,36,11,0.0
8,201.0801840788257,12,0,0.04449731825811531,36.312446845434785,39,11,0.0
9,122.33921757150851,13,0,0.03181692155529618,26.781134989392044,40,10,0.0
12,105.0011203435087,13,0,0.06686203430366759,27.62088963142842,38,14,0.0
13,411.03922414766157,13,0,0.014130243362842005,28.200756662905743,30,10,0.0
11,269.59062993377114,20,1,0.026188164982230422,33.69113459705267,30,10,0.0
44,2100.462586964576,112,1,0.47453427503981294,0.670742133566538,292,36,1.0
16,191.970911619096,13,0,0.18330335249896826,66.23355852789167,25,4,0.0
10,89.1236880900847,14,0,0.039897962168670566,37.61628891435533,22,6,0.0
8,171.88577396317183,16,0,0.045777754380448905,92.84324477451196,23,10,0.0
8,195.64443277684492,12,0,0.032711001204805835,67.85514368952627,21,4,0.0
55,1735.2020532998793,101,1,0.4442227367500189,16.33890054709491,305,37,1.0
11,199.39667714713553,10,0,0.0522062132505735,81.23056735335038,28,5,0.0
8,112.06127943717962,17,0,0.036903208422352125,77.96458156285377,32,12,0.0
14,117.12040788808564,15,1,0.05062908254542238,31.449003951630765,31,11,0.0
14,247.77822285857258,22,0,0.08194976982513617,22.453760792169852,34,9,0.0
10,123.57211056765209,14,0,0.05832162494550666,113.67241269275641,36,3,0.0
5,468.59685446023275,17,0,0.012577733654601025,35.456705174149924,26,8,0.0
6,271.78148221428984,16,0,0.018645187307897562,72.40449146294102,31,7,0.0
8,515.9930056968673,16,0,0.04712750854436217,71.71802292465847,35,4,0.0
61,1592.7538470229758,90,1,0.49671053564972417,111.09605459685129,265,59,1.0
5,189.97268514501366,13,0,0.0008771818294040237,64.96750546258131,30,9,0.0
51,2202.073369388122,114,1,0.4160677164157945,33.15058506887354,302,57,1.0
16,393.93688074032775,14,0,0.007677921027214905,42.02408843547925,18,8,0.0
13,178.86564995083748,5,0,0.006638163691155245,12.835193561037286,32,9,0.0
11,283.5147344698636,12,0,0.09332214369845043,53.41409892803062,26,7,0.0
13,285.29550172527644,13,0,0.16189502187678545,30.90382447909018,28,14,0.0
10,153.2310573786785,17,0,0.005176900732967359,40.34657892324816,26,14,0.0
7,314.6753017310236,17,0,0.04402096379098881,68.82471183023272,32,7,0.0
10,199.60789483862035,14,0,0.01784291146129914,51.51362479293593,19,7,0.0
10,646.3185293708436,11,0,0.04097085219782698,35.67053041119294,29,8,0.0
10,261.82741729106294,20,0,0.011562627541682417,27.442633627027156,25,9,0.0
16,291.6967650439163,20,0,0.07663339023153894,53.082874331500655,31,12,0.0
10,194.26839939853207,14,0,0.1384300011709154,59.05307192678015,31,7,0.0
7,521.4994336038882,9,1,0.020255445059988875,34.660529615391226,29,10,0.0
12,173.76300231866796,19,0,0.019140546946322383,25.32993758718191,21,9,0.0
5,173.25471262258384,7,0,0.015531041191515797,90.16907988945378,27,10,0.0
11,280.30911421153945,14,0,0.03123702877041021,21.19682408571969,24,11,0.0
6,266.7431390343201,8,0,0.0005235463594267293,33.421779617029706,32,9,0.0
7,257.3018557915748,18,0,0.0691147633180043,29.45408572149644,27,10,0.0
5,337.587869792135,16,0,0.04961402563685604,48.6619183846866,37,10,0.0
13,116.68353944340788,19,0,0.03427272017772551,81.06533178015127,20,6,0.0
14,415.50004300380186,14,0,0.029840857294602435,61.03509397780379,23,11,0.0
50,912.8447897784156,122,1,0.4473602123427557,14.247225627351577,313,68,1.0
12,389.01908737173557,12,0,0.05617233167869152,67.82807979562898,29,7,0.0
12,238.90714090195394,10,0,0.09144810139372922,10.362342184418406,36,11,0.0
11,136.50020786366096,19,0,0.06566875212452386,19.632839695451064,31,10,0.0
7,96.24019161818215,15,0,0.06545617932993442,34.609046228779206,28,6,0.0
2,446.1275249970473,12,0,0.03287863712001964,108.03697606956375,21,8,0.0
59,2575.7961440761133,88,1,0.7339868708130289,60.65455849196341,323,46,1.0
8,137.2036779097809,20,0,0.19297117681620823,102.02433566575387,29,6,0.0
19,365.39779145845984,20,0,0.03340215919448678,37.85451903180527,35,6,0.0
50,2314.080804966796,110,1,0.4962623827752301,0.42670174288030366,318,44,1.0
7,78.19113262220307,12,0,0.00024954521607593655,46.00631759248341,20,6,0.0
11,83.30934255402966,15,1,0.06300966576733867,57.36391146639222,38,8,0.0
7,267.04249148060296,12,0,0.0018782126848055911,16.59540103455929,36,8,0.0
7,262.8576889185775,10,0,0.03253510727932751,60.031481578433095,30,11,0.0
4,423.1526083562795,18,0,0.027555711935704306,58.345638273558876,17,7,0.0
8,450.62682195852295,15,0,0.014950135076270191,74.20960832705455,32,8,0.0
11,298.9603361319172,24,0,0.07301419212323239,13.011446942892588,28,8,0.0
14,257.97436750459354,13,1,0.019234490739585094,56.77937553888227,32,12,0.0
15,352.16564765073264,18,1,0.01784426157535815,92.93441339868495,33,7,0.0
48,1296.9115983715376,88,1,0.5615125745018865,100.29323854210642,275,57,1.0
8,366.9977411256759,17,0,0.153860341422212,43.986818202874844,29,4,0.0
16,233.69811965008265,9,0,0.06001013037357538,47.68818111492893,40,11,0.0
10,122.65658272638629,15,0,0.09207942477562316,39.159311875422475,31,9,0.0
11,103.94937844393783,14,0,0.08984933005558128,22.090523405187,26,13,0.0
10,297.0962567066862,15,0,0.0011004446047524887,26.54634608626098,32,8,0.0
8,230.7986441523562,11,0,0.030743205573288697,100.58865994592642,39,5,0.0
8,417.39305753302966,22,0,0.022859225184195735,53.57357762743029,28,10,0.0
6,330.90461491707674,15,0,0.08209344826003188,85.08715563409585,30,12,0.0
13,119.67462688287362,17,0,0.09686324502883574,12.978754774784816,35,11,0.0
13,122.08780329512182,16,1,0.12546529310361187,41.16979971603508,36,4,0.0
9,234.87839869401586,14,0,0.04845017094711278,73.73116241416997,22,9,0.0
9,156.46622906397266,16,0,0.06456948193686246,75.00840663221891,25,7,0.0
9,154.25265736688513,16,0,0.018731839540424806,8.545841753349519,36,10,0.0
4,316.43864768881906,17,0,0.008878416899841562,26.51342917961605,24,9,0.0
10,135.71231785787236,19,0,0.08474077800294212,65.82455029621876,21,11,0.0
10,256.71965660637784,20,0,0.1124070908889105,22.781320478414543,35,6,0.0
12,347.26122557888164,14,0,0.013200915436632642,44.800690824090964,37,3,0.0
47,2140.804029779077,94,1,0.1221205855858624,77.18686612311257,319,46,1.0
48,1421.4947308008632,104,1,0.5009060742925792,109.87395578925678,290,50,1.0
5,144.84614979225233,18,0,0.0016313278153056747,39.82724418072311,24,8,0.0
11,173.98697234544548,26,0,0.0026628958231532714,39.15020155920903,33,6,0.0
13,149.86071735456144,14,0,0.0018530189744568114,12.357540917335529,24,7,0.0
14,285.1100622630564,18,0,0.17989037653971202,49.774486517089635,30,5,0.0
13,202.20559319507467,19,0,0.005843059278409517,16.474805531785186,26,8,0.0
57,1696.156001628758,98,1,0.3807309158842848,88.25345085736133,296,34,1.0
8,199.07703211556722,13,0,0.04180311613831247,47.31380250683051,15,12,0.0
7,339.0387620005267,18,0,0.05236403082596601,54.548679233157955,30,6,0.0
11,333.6299357599354,12,0,0.012478729536705662,82.21495401484553,27,9,0.0
13,135.6518508317286,15,0,0.01734444418984653,50.917881659567705,38,7,0.0
11,236.086353064709,15,1,0.161183488284221,88.84634968687055,25,8,0.0
7,242.5052639969056,15,0,0.006280193210694822,90.50062170997442,32,11,0.0
8,146.09238571063855,10,0,0.016708627150865657,20.05346758103071,28,9,0.0
6,214.0999164314701,15,0,0.06752801259895765,30.48913317682809,25,8,0.0
7,255.1655455878457,14,0,0.020370652901247135,15.707079439181058,28,3,0.0
11,140.8174252710238,23,0,0.06185535227635403,51.436630972989015,31,3,0.0
6,446.2148174739343,14,0,0.009349851156760083,57.12989308734278,26,4,0.0
10,304.4815268492451,14,0,0.042357812312260865,37.74364941568198,29,7,0.0
51,1939.1353711458526,94,1,0.5612517718159359,2.432394144011905,296,63,1.0
4,514.4490572668159,16,0,0.0020450229151333095,18.346678232013208,38,4,0.0
8,175.80347991831184,15,0,0.09286210961714315,46.95348731380645,30,6,0.0
13,253.76002513228752,17,1,0.0607988858408241,71.56112098123397,27,10,0.0
38,1543.0314107869453,95,1,0.7503294359208387,102.0390287830506,286,45,1.0
12,214.7556244290981,11,0,0.06723783913373622,29.448753697276377,32,4,0.0
9,238.06508414074088,17,0,0.03821451491370186,67.68949370275877,30,8,0.0
14,227.64254860031392,17,0,0.0358350716724775,52.252030244770644,28,9,0.0
8,144.52255617174887,22,0,0.015125876429236577,48.561126211265226,28,3,0.0
48,2023.3065772907285,109,1,0.19414271448878698,211.68987242224188,304,61,1.0
12,298.31104704288964,16,0,0.06326701019910601,112.12355251359612,33,10,0.0
7,304.7448231757076,16,0,0.013919658678839323,79.85487343407789,28,12,0.0
13,460.6912859920886,19,0,0.0326242369764453,18.918928483736178,25,11,0.0
12,386.9972973108661,14,0,0.0694794001991318,48.40557773798271,24,5,0.0
11,222.81884303732107,11,0,0.03425809245441826,79.17076373166857,32,10,0.0
2,173.74552910919493,19,1,0.016267016912221238,36.62936268540341,24,15,0.0
10,343.7872011001288,13,0,0.014800314681474877,32.13077166015517,31,13,0.0
15,506.6687071105977,12,0,0.04010552012296554,38.40106332684297,38,12,0.0
9,269.9859896923746,23,0,0.1708093303428343,86.39532157710615,34,11,0.0
19,273.19207978239734,14,0,0.015909411581259327,59.77810293709497,37,6,0.0
10,307.19824237560533,18,0,0.039279635930701454,40.448759986859635,26,9,0.0
5,355.40042999523115,14,0,0.04017405156536109,24.566835448724433,31,3,0.0
10,169.21139863691096,13,0,0.04849122099832413,69.10109019248672,26,5,0.0
11,243.04104781995918,19,0,0.12455637122682416,76.38133742463435,37,6,0.0
5,164.55331501135626,18,0,0.13117052295568193,28.765058500465646,34,7,0.0
7,237.04168997455056,15,0,0.037369568285417744,31.48896725947304,27,5,0.0
9,164.7872974994192,15,0,0.1368141550836233,63.27750863414895,30,12,0.0
5,287.58328183485884,21,0,0.006907997595646461,47.67373545108127,40,7,0.0
10,157.1480162160771,13,0,0.05319654956412307,67.13517426592253,30,5,0.0
6,146.64608604755787,11,0,0.02424725020874335,16.879721799815385,28,8,0.0
5,182.56335612713127,15,0,0.037761440934300484,21.31286139339477,31,8,0.0
13,148.83303453938012,18,0,0.002343527607999383,40.40242744913363,32,6,0.0
14,279.00748093550294,15,1,0.022318736167039947,59.12743150754601,35,8,0.0
15,289.04447891585886,11,0,0.049580086642798234,21.220489421624638,26,9,0.0
53,1183.9611134887182,99,1,0.5550863608790031,21.88796341989732,297,40,1.0
6,365.7225920609915,23,0,0.014857217687789645,60.81101220572159,17,9,0.0
10,531.5985095479766,15,0,0.05346593316285035,23.803834997077708,31,10,0.0
11,81.33966140286336,14,0,0.016876163524794756,25.931466206469782,37,12,0.0
11,205.70039450054873,16,0,0.019574884097634433,32.55863841782068,26,5,0.0
8,133.533949513759,16,0,0.15066218311908008,76.71623716460323,24,10,0.0
8,376.57133672661996,13,0,0.12851090983511382,10.676249132960626,31,12,0.0
9,223.05161307220578,13,0,0.011225760375737085,34.38847808891282,30,10,0.0
10,131.27883835326898,10,0,0.04451362083755952,22.778200348561736,30,7,0.0
12,320.2705834227799,23,0,0.011895827695269378,68.17947119373926,26,5,0.0
13,38.39387988376013,17,0,0.04404715299691084,48.14118248775618,34,10,0.0
63,2040.9794489655387,107,1,0.3956258404793091,14.612549193886654,310,60,1.0
8,171.97536045190716,14,0,0.021740412122516713,60.747716022997935,29,7,0.0
13,169.7489852357267,14,0,0.006803448853455993,55.67846920775882,30,16,0.0
7,289.3466456168674,12,0,0.007151617959391298,9.995357333544266,29,9,0.0
10,209.3818647172042,9,0,0.08158281767327993,92.88819264397972,31,10,0.0
9,180.11302055456923,16,0,0.030182884527606826,11.505471773296675,30,7,0.0
11,395.2475581428405,14,0,0.003976810654502294,36.3301956411855,34,12,0.0
12,254.51173777700896,13,0,0.046458532119508365,69.50571447805419,26,11,0.0
8,718.8117171321962,8,0,0.022776374850153252,30.061001666007417,30,8,0.0
7,239.65678306574122,11,0,0.01932466234753092,90.94148902290917,36,8,0.0
11,220.04334476086888,13,1,0.007270636602503301,42.54141819202527,28,7,0.0
11,399.90027221121755,19,0,0.0237651847306323,43.93143955174096,32,13,0.0
5,232.7294159906469,19,1,0.01198519454061407,22.301566233713537,29,10,0.0
12,173.64128864028106,17,0,0.0005119400156550474,14.01221924040802,34,7,0.0
9,193.53543158269025,16,0,0.01685439056659785,28.76171626150925,30,4,0.0
6,185.3402818610264,16,0,0.10987061571779035,31.336585034892703,31,15,0.0
12,305.93644049703926,13,1,0.049406771426469605,73.63090196960138,20,13,0.0
9,364.42135567063417,14,1,0.01002738293322453,30.31046704548993,21,6,0.0
11,428.0055606672336,21,1,0.010164997962559763,5.6046530656220765,24,9,0.0
13,211.72067411274153,14,0,0.0460009081942444,35.282859219842564,22,5,0.0
51,2554.3294098838664,97,1,0.7547770162429364,119.88524290700572,275,52,1.0
10,149.094707696385,12,0,0.08991515379171607,36.70627408673819,39,13,0.0
9,319.44669917181216,16,1,0.15176164290667743,31.308196341990456,29,6,0.0
11,289.3943839045461,16,0,0.07686907981947491,49.12715426752409,38,9,0.0
14,164.54930150094722,14,0,0.047304975904962354,50.79457672788345,37,6,0.0
7,261.7604246024305,14,0,0.06030520457225196,50.14706166820946,27,6,0.0
10,292.31434321343954,15,0,0.07236617956691932,98.3288033268915,28,11,0.0
7,312.0290273252889,12,0,0.008757848245505502,61.56123680867801,28,10,0.0
4,253.85837979798168,15,0,0.007559674354053397,42.578388663093754,22,8,0.0
10,252.56162676036098,19,0,0.04425417798045933,20.50780544254314,24,5,0.0
43,1894.5892841136335,100,1,0.3967735295241862,208.7008158108085,298,58,1.0
55,1589.0112463046855,107,1,0.5618720731857278,125.14485786054806,321,48,1.0
13,252.39059917496212,9,0,0.06900171286609955,62.84886040553275,30,3,0.0
13,221.58305928019425,11,0,0.030471386589798363,44.63023826248775,36,13,0.0
6,130.02583370151783,14,1,0.04194042644251107,34.185804012051705,24,9,0.0
11,203.5838663797625,26,0,0.04481443721745614,50.61963342693473,30,10,0.0
16,129.9840075391752,18,0,0.017845246102392,113.94393715094076,32,5,0.0
15,113.92289397635989,12,0,0.04037631441800763,25.55858200283824,21,9,0.0
5,210.11877659688852,9,0,0.00971014668205478,36.7505446681255,39,14,0.0
7,283.6630041886446,15,0,0.006010062664669255,66.88799933547202,28,7,0.0
11,327.9856032395593,8,0,0.04400477257382473,57.66062018543745,31,12,0.0
13,397.8998595539819,11,1,0.016940748477056143,28.313071321161217,28,10,0.0
11,41.636698964301786,12,0,0.02520741452235186,78.81910374674067,34,8,0.0
10,151.99871699125288,12,0,0.031244902389429296,26.91498397816832,40,12,0.0
7,271.8447888376962,19,0,0.012229827773100216,27.012846108558335,23,15,0.0
3,235.40764631411818,10,0,0.003515302523457424,18.299737403728507,25,4,0.0
8,291.39053042292977,13,0,0.03099135603425737,18.13279443322734,32,6,0.0
7,390.244368035153,13,0,0.059626014899943444,85.84640171480304,30,10,0.0
11,198.9740031670943,19,1,0.04348847934667166,77.43014651048027,26,8,0.0
8,223.2786110769967,7,0,0.03788866674944425,119.47993052854592,30,9,0.0
8,440.7097101335779,20,0,0.09595746248163878,64.4827808933928,29,7,0.0
9,373.57597530033576,22,0,0.009056251233057533,48.78857669244005,35,11,0.0
11,340.36610574982024,16,1,0.02332466964793638,60.20194152419822,24,9,0.0
7,361.95581915052935,16,0,0.03572934654100853,17.502201794694678,32,13,0.0
14,383.8340287442868,13,0,0.06098965678182466,12.919746037635868,28,11,0.0
8,222.07566787259924,11,0,0.036105746460168064,46.733485650922525,26,8,0.0
11,250.50044954131766,14,0,0.05657034391917544,70.20438000863602,31,6,0.0
10,186.15628046760594,13,0,0.030206996567250063,37.51062838216734,44,8,0.0
6,167.69373702754817,11,1,0.006793349103238411,57.16142025329498,31,9,0.0
8,447.8153427713762,21,0,0.08549335340602432,58.23701207908786,26,4,0.0
12,302.8523686337019,11,0,0.013344930093053263,50.190117961564184,25,10,0.0
14,225.25556400812738,13,0,0.007403738913980797,18.51386490835052,26,16,0.0
11,966.2217509612481,15,0,0.013234795798506805,82.44388583207417,38,3,0.0
11,99.20656947329867,10,0,0.010194903940120712,24.76659862533744,39,12,0.0
11,538.9604169942979,16,0,0.003768201045239747,49.91686403659913,31,11,0.0
10,332.4048507717857,11,0,0.0014376658914010685,18.31321963980232,29,8,0.0
42,1904.986549386302,108,1,0.6736053212957723,202.08940916735833,316,65,1.0
9,204.06750624439582,11,0,0.008348859823861228,55.98604868515117,23,5,0.0
13,174.89174375827267,10,0,0.00028781503515621146,71.7930016963789,36,13,0.0
14,201.64031921640756,9,0,0.05866637497115745,41.93070250569989,37,11,0.0
6,515.2160930949929,16,0,0.050227593472814754,39.006077089626395,25,10,0.0
13,304.7370708855801,13,0,0.0210492005342958,12.002943650996722,29,6,0.0
13,72.85543279070647,19,0,0.0184475141834893,13.290801874635536,31,7,0.0
10,134.12975917501979,13,0,0.017354780333678387,35.18725862910245,37,7,0.0
11,304.5991184020057,9,0,0.008640614294880803,16.53532498209646,30,7,0.0
11,355.32833141161626,18,0,0.08691280808027466,58.980065623411114,46,7,0.0
11,431.28384215820387,14,0,0.029479812683135893,30.434589156912104,29,5,0.0
9,102.93226581537083,9,0,0.08518595564176029,13.45279954130524,31,11,0.0
9,274.23171471120395,14,0,0.054387959483047255,49.668745770103,25,8,0.0
12,487.5221517422374,9,0,0.04382232087903284,42.56468259499675,25,9,0.0
8,115.41413292880532,10,1,0.0013656113346454414,22.949967833933197,24,11,0.0
14,264.97708941576155,17,0,0.06156510196973706,37.55075909282726,24,8,0.0
45,2761.9727119691725,92,1,0.27096428859240373,97.5974329064882,276,51,1.0
9,118.02196498638406,16,0,0.04971387589276275,41.58076066627576,31,8,0.0
11,147.59979029235865,17,0,0.0026523827244135816,57.29388302366192,19,6,0.0
11,364.9080463050801,15,0,0.2236138430710297,31.479056911626362,21,4,0.0
14,303.96865576773126,12,0,0.0017509180964620033,31.163320543708856,29,5,0.0
35,3958.4564667536874,76,1,0.6323492795727316,70.76022804111551,280,39,1.0
11,200.38280032437817,18,0,0.04360546458446264,41.568942476318924,21,5,0.0
12,211.0284252163305,18,0,0.09993631524376337,21.74155081237351,29,4,0.0
9,293.6455244249201,16,0,0.04812693244128726,56.685099771877645,25,17,0.0
7,109.16678683343643,14,0,0.04461431527338281,31.57784018066486,24,13,0.0
12,355.68631618976076,16,0,0.03168725234232117,19.08822168909444,29,10,0.0
8,290.5128423834188,15,0,0.00551220373264349,20.589429883444595,22,5,0.0
12,199.7637859189135,12,0,0.020893739060484917,96.6236922237073,33,4,0.0
4,388.51012594242576,6,0,0.027967610328306663,27.511480633363192,29,6,0.0
13,224.73538854784522,20,0,0.0709461982670329,50.38591863458347,30,8,0.0
6,267.39113970565165,16,1,0.057446454107579245,22.695227959760786,37,9,0.0
11,128.28096462421058,20,0,0.012483401553966569,102.3449217248029,25,7,0.0
13,298.903198625149,15,0,0.004854611245286239,80.05195761570117,31,10,0.0
6,167.5328923848778,18,0,0.0904236106681416,29.854438036370983,36,3,0.0
11,258.52016985318846,14,0,0.035708609212776334,36.998241558410726,24,7,0.0
56,1505.9087866560749,110,1,0.1955159152445416,9.553829586779358,312,62,1.0
9,174.72692363873517,11,0,0.020638240999416357,26.34053008982254,25,7,0.0
17,221.0029690006187,12,0,0.031402363999205186,57.717154440028736,31,14,0.0
11,275.33580933403226,9,0,0.006389940685691367,51.15218213888125,19,12,0.0
6,249.16625604359427,15,0,0.007519059054100558,60.34240283275071,33,7,0.0
8,605.8485603674071,19,0,0.032563493302406966,59.54272012952366,35,15,0.0
15,82.74178149438498,13,0,0.041807889647131086,39.20964378891176,28,3,0.0
15,539.6196980200804,16,0,0.002309601613284956,46.357872525303,35,11,0.0
7,302.2090641468616,16,0,0.0008176723216657179,27.770189303864523,30,8,0.0
9,193.1512136360348,7,0,0.029723952180355093,15.99841053938601,30,11,0.0
9,226.80598140818145,11,0,0.024398020647521095,44.87521987217496,29,6,0.0
9,178.07568609452358,15,0,0.16621459346814205,79.33498634125796,24,12,0.0
18,367.388170798873,11,0,0.009110197196939744,33.10207288741213,43,7,0.0
8,135.72746546701637,7,0,0.21372699900922482,52.203701829672525,18,3,0.0
60,1929.4120438563784,102,1,0.5918323531878207,1.466216509639118,295,60,1.0
12,240.90380758702187,15,0,0.02093920435368165,51.45444794041045,37,5,0.0
18,212.9290789934835,12,0,0.07654607539809634,44.30963632299716,31,8,0.0
54,2317.2540551439342,105,0,0.7308755799984897,2.570420901529873,310,52,1.0
9,168.88607886864375,16,0,0.0598883649198275,45.30071380173786,24,6,0.0
11,165.00568942721122,11,0,0.0712951704253099,50.76417446199518,23,4,0.0
6,252.7831771818615,15,0,0.01419166371062834,35.34172879453347,41,10,0.0
9,306.8745437935077,20,0,0.03158560459687431,111.32785704985537,34,7,0.0
12,215.89643049440917,13,0,0.20462675710784226,20.183196019986053,27,5,0.0
7,479.4943266976991,16,0,0.056014905200026596,40.926927945618104,29,10,0.0
9,283.29214997735517,11,0,0.01179930493473732,47.676042361002956,24,11,0.0
9,260.15897925188256,20,0,0.13079581681448152,85.64358364680685,28,11,0.0
5,275.3393617639839,11,0,0.06380078271998371,85.59906981918135,26,2,0.0
13,186.7963233860794,9,0,0.013521630252295464,33.79307153721366,36,9,0.0
8,293.0568520605387,19,0,0.006173751264741036,19.968712255922732,24,7,0.0
40,821.3745948794932,90,1,0.5474996666634899,12.463764553466397,331,50,1.0
13,212.66080091105647,18,0,0.13581179778852234,44.78595873701896,24,8,0.0
8,79.0632557531929,28,0,0.021912003837548214,84.9391185643592,24,13,0.0
11,262.5910559184954,17,0,0.08748285217540736,79.94369685366776,31,12,0.0
9,153.1662140863466,12,0,0.011632399318116327,29.70223037983752,30,8,0.0
8,187.5070086596572,8,1,0.036781148154327425,31.117824648294402,47,10,0.0
13,237.45512270059797,11,0,0.15063291060409836,46.107968445118246,33,8,0.0
15,71.79016348895021,13,0,0.02429760852685747,23.69979135664144,27,12,0.0
14,204.48028851538655,15,0,0.02216525842788571,38.75806326047984,40,10,0.0
67,1340.5847890486343,100,1,0.5751931346036359,176.28833014303726,307,37,1.0
14,306.363940096209,14,1,0.03855007405091741,24.432840650818118,29,6,0.0
9,277.92003113523145,17,0,0.060540644266591996,65.54372966382181,32,3,0.0
10,184.02002213276057,19,0,0.001166404440278098,82.1695061144243,26,10,0.0
9,233.7327391923148,16,0,0.034273863305650486,9.710046986607546,28,7,0.0
13,180.70166378111327,10,0,0.022816230209873976,62.41339466984484,42,8,0.0
9,175.54139212303994,13,0,0.023644251222036273,30.883361069562984,25,14,0.0
7,130.75906024449594,11,1,0.05813010030365812,16.80920602656291,30,9,0.0
10,574.9098452256361,12,0,0.02640734843229293,19.70894642908345,34,11,0.0
9,256.90667908794063,8,0,0.06205689657278569,47.871764729451606,23,7,0.0
13,412.49305565950687,12,0,0.031500676152979835,27.962162529776293,33,15,0.0
10,457.7018347803932,19,0,0.1355023987508833,34.70385164894142,35,10,0.0
5,593.1156491160045,15,0,0.10644977130666936,33.47719546427915,25,4,0.0
7,186.48601397931364,10,0,0.09780609317877528,30.884543088673475,35,11,0.0
10,141.56737935338634,17,0,0.020372996306152278,35.08743392888059,19,8,0.0
11,253.9115201478053,13,0,0.017830063666458226,88.50024722613156,38,6,0.0
11,205.60221937413493,13,0,0.022236619138125892,9.424052112542734,37,6,0.0
57,1538.2737188555295,80,1,0.5928556607178552,14.739956153285336,305,43,1.0
16,117.87698114262145,14,0,0.04431371097689937,21.81235851616509,31,9,0.0
8,295.99850288447465,20,0,0.05247261307178276,40.765730323138094,39,7,0.0
17,99.20039129032122,8,0,0.041075632075411886,18.284093632720865,28,12,0.0
6,196.85525621044152,19,0,0.007066530818065364,41.63194108618444,30,6,0.0
9,244.9434599475155,20,0,0.06414086716133448,61.00616246825816,23,11,0.0
4,177.5669042090093,18,0,0.037446643442027784,41.4528629364692,25,7,0.0
9,162.76422127906721,14,0,0.012404097824338883,50.267480019537636,30,13,0.0
10,222.35729328671874,21,0,0.17479093955386682,59.4835366711784,29,10,0.0
49,2384.7927188580434,93,1,0.3255285952843595,69.73884515026788,297,60,1.0
11,282.36936647031604,17,0,0.0007669751521953366,47.36518527233321,28,7,0.0
11,196.4426538169216,9,0,0.05006477774176643,41.57274360385128,30,11,0.0
8,193.83382563199643,11,0,0.06338826188521911,104.49104175387046,40,9,0.0
12,307.62672375375166,11,1,0.09124831503480339,96.17991638730673,32,9,0.0
6,334.91862749624966,13,0,0.0007659854337973837,54.46353440112009,34,5,0.0
60,2816.1248239350784,96,1,0.37076183347007197,39.19719835074189,283,49,1.0
10,248.9258241455151,20,0,0.09827237823787162,73.84869662542128,33,4,0.0
13,339.3226562550915,9,0,0.11023999967472924,16.83254733312505,31,4,0.0
12,286.29232080661546,16,0,0.01667458596910272,20.310731374549512,25,5,0.0
11,278.1004367703878,13,0,0.009253222479791035,97.65719029216226,38,7,0.0
11,263.2457636764002,18,0,0.003212282773659712,17.492550788320827,32,12,0.0
9,286.89837463463317,13,0,0.10008866468996938,38.3705442763805,24,5,0.0
9,332.7817733780325,19,0,0.04208925727215668,24.125995057325937,31,7,0.0
13,392.8428651040029,11,0,0.06751441229393824,36.16693013221154,28,9,0.0
15,242.71151538891309,24,0,0.06974709392053945,13.543780355376565,27,11,0.0
12,282.2404801656529,12,0,0.010334429318627153,42.76609745729969,33,11,0.0
38,2838.301355827824,89,1,0.6891031398610586,26.929323212957872,323,60,1.0
13,178.77702944490392,13,0,0.04038982870922159,75.78560538692474,30,9,0.0
10,137.29233319762739,12,0,0.01963149776871473,77.31767353730329,21,12,0.0
7,257.539696796414,22,1,0.11652896434761464,29.98085250768714,40,4,0.0
10,477.91838959219035,17,0,0.004090921955523719,18.833840181269792,37,7,0.0
9,291.95744746826574,10,0,0.054320665039336184,69.86424879331075,23,3,0.0
10,216.15955167832968,11,0,0.04083657010936936,27.46137507136583,23,9,0.0
50,1626.025844970209,98,1,0.6038374487883712,52.96591821170607,297,48,1.0
10,255.48861224059726,13,1,0.014449634032381671,13.568097029199503,34,6,0.0
43,2400.103428813273,114,1,0.5369144947578327,117.73825480225375,298,44,1.0
10,101.87573103875064,15,0,0.003515072540509659,44.88986033113913,24,10,0.0
12,357.04988672846014,18,0,0.05525673801239191,23.940722545377962,40,13,0.0
13,422.53633600416765,14,0,0.04626371104080939,44.20179817847229,29,6,0.0
10,129.61366692768618,13,1,0.017376981460926293,16.510988447835963,32,19,0.0
8,450.7513071123424,26,0,0.10816157768826194,19.874528266007253,28,10,0.0
10,504.1136867771355,13,0,0.04616460789637462,10.30141435110673,28,11,0.0
13,304.17048160591986,16,0,0.000724108474028662,32.21318470008926,29,10,0.0
13,104.78539312409912,5,0,0.06199116910029272,48.163455399432536,26,4,0.0
53,2457.0865824795346,134,1,0.4359999041936993,42.205479328780335,316,50,1.0
8,131.3190346201359,10,0,0.05429007669466841,19.136614501659388,32,9,0.0
7,181.1469031187826,15,0,4.991146940878549e-05,23.48160700519893,26,8,0.0
47,2117.4501605511855,102,1,0.2947032931928047,167.60498079740645,301,53,1.0
10,248.141681741527,18,0,0.08093190225180023,48.507873414839665,29,12,0.0
10,303.2716534952187,7,0,0.004651239435296172,74.84349392767797,28,8,0.0
8,126.00779497116523,11,0,0.02729967015929462,58.868396094559834,33,8,0.0
13,212.08843522285136,8,0,0.008949705662868233,55.75490172209097,27,16,0.0
13,574.7157871520839,22,0,0.09858587218025207,51.998961521020206,30,17,0.0
11,312.7744917911625,9,0,0.018003986952598434,56.68720834834184,36,13,0.0
11,278.3374085708881,11,0,0.04221974699085199,45.9489552609185,27,8,0.0
13,161.13183595283672,19,0,0.004318215378491518,74.3110480060111,34,10,0.0
9,140.96149906320724,18,0,0.14671084631462877,105.23657089295105,30,2,0.0
11,502.3825625285726,14,0,0.12080247303890264,56.07306271224472,21,7,0.0
7,277.9971609531201,18,1,0.006565989494905034,45.546009461905214,23,10,0.0
11,344.72521580911365,16,0,0.09285867148772375,23.850694874728035,25,2,0.0
11,225.4342036220307,15,0,0.10051820234338686,39.48972666899455,31,11,0.0
7,44.60249310020264,19,0,0.06161433819591684,31.08270358297097,45,2,0.0
6,265.92904150689395,10,0,0.05185430850237178,41.29662900447132,38,4,0.0
5,321.73084265734394,14,0,0.018732146401738196,62.354180212755566,34,10,0.0
11,338.480341192309,16,0,0.16239177335727092,22.657411703077276,25,6,0.0
9,88.25625859127979,11,0,0.015633092589239037,46.46727821421289,22,11,0.0
7,208.89779089393897,18,0,0.0048035616319662,18.234186537168235,41,6,0.0
56,899.1138297638312,94,1,0.2862868004464966,86.77577528048324,301,51,1.0
10,273.51676647640824,14,0,0.010236506488778923,20.599904404057053,33,8,0.0
6,325.08807536948933,11,0,0.023391498860861216,13.48620669174115,20,7,0.0
45,1626.6473700326235,92,1,0.3948707653474324,27.34243131030576,310,45,1.0
10,226.72541556180605,10,0,0.08388129472901529,24.009650116051667,32,7,0.0
11,317.1247179954013,15,0,0.009729188415564638,72.06636363356961,24,7,0.0
13,262.70443182041356,7,1,0.10800020181772539,56.32738867879329,25,3,0.0
8,130.67483488026767,10,0,0.029182553534536197,51.94478831049436,26,6,0.0
46,3621.8013473388696,119,0,0.8473343016791579,118.68559962183224,298,64,1.0
8,441.24441040105796,11,0,0.09234387501970549,127.24236003844156,42,10,0.0
12,327.59153886812766,12,0,0.006706955992433572,53.5965265295195,32,11,0.0
8,198.41408014294208,16,0,0.008112441837781084,119.94650281405607,33,6,0.0
13,485.9110189368972,15,0,0.005466492215565609,33.61662662260247,15,7,0.0
5,259.1494533066981,15,0,0.005252226045158121,58.03038811523933,16,3,0.0
10,195.67643585101396,21,0,0.04109845272885313,25.06706080043489,38,6,0.0
15,214.10462316346477,13,0,0.004066206849397973,54.3153229859419,25,9,0.0
15,144.87742892121008,20,0,0.013245517588200667,86.39567311500394,27,5,0.0
7,320.74216649703095,17,0,0.029681644441944044,18.582555570611067,33,2,0.0
8,172.77644615691153,14,0,0.03600295619437229,44.76044306680971,27,7,0.0
13,197.39725555596172,16,0,0.049354421625380264,93.82973306473855,28,6,0.0
5,319.09135005556084,13,0,0.05064670579019849,50.28872663587317,27,9,0.0
10,158.50238378800057,15,0,0.015091523290750256,31.680802930942228,28,8,0.0
6,227.55923879361228,11,0,0.03159763452600971,53.63619577232072,35,8,0.0
1,313.5043029319782,14,0,0.06429095715851353,10.906389084851243,30,6,0.0
7,308.1492956079638,17,0,0.009277319585575544,39.67015025918455,26,12,0.0
12,441.29297476207176,25,0,0.02305403085759676,58.729451794453716,24,10,0.0
8,420.10803224793403,13,0,0.0181546954112506,54.73935243217462,29,7,0.0
10,176.1208145323298,17,0,0.030693709028919575,20.343398184947425,39,10,0.0
11,281.48235271481224,8,0,0.04705936708797637,85.59576465473683,29,4,0.0
11,281.8963800095096,16,1,0.11941300300406966,66.26299337375615,33,11,0.0
10,119.71035542415163,17,1,0.0355109023900057,68.79222148935091,38,8,0.0
5,152.92340584277915,25,0,0.02803678584825994,61.830199590850114,36,10,0.0
13,153.29496039989675,14,0,0.04659488287250309,91.58245193000612,25,7,0.0
2,351.9275420544944,25,0,0.038394016836545704,63.97519655643101,29,8,0.0
6,129.9451991167787,22,0,0.037322336021165615,15.921961210121632,33,14,0.0
9,168.3817850198144,14,0,0.06859277583873018,44.26391721150958,26,12,0.0
7,227.71865281071157,12,0,0.08636121047226208,54.568320454438705,32,11,0.0
13,83.6685019789054,12,0,0.030650276542048018,113.44637993083532,33,7,0.0
9,180.53027281184066,20,0,0.007328183630160802,84.6809407246621,22,7,0.0
9,510.9798029013796,16,0,0.00531466149688107,10.522662168850022,25,7,0.0
61,2442.6870028528688,103,1,0.6683762299664537,40.92017488554535,279,37,1.0
8,90.6539050800043,13,1,0.017794546852099975,26.821025527679367,35,6,0.0
13,148.6716803165011,16,0,0.03340051198941143,43.979303049860754,29,11,0.0
14,400.94823137996275,17,0,0.03327275442284439,75.16793450147972,29,11,0.0
7,209.30901978941722,19,0,0.03156833992456647,65.37693751686966,44,5,0.0
8,298.33791120171884,12,0,0.026840123831896164,46.411618775923806,31,6,0.0
9,298.112122046553,19,0,0.08784186902021143,20.52982309183046,18,11,0.0
10,178.98055751433438,14,0,0.05192912402799158,43.336670230360944,28,7,0.0
10,456.7042914564528,19,0,0.1199372996411684,37.92506993417367,20,8,0.0
9,288.1186514888245,14,0,0.0764111107099727,36.544268402594625,35,10,0.0
13,271.32173427113287,16,0,0.01512525185305054,37.73503706560834,35,8,0.0
9,443.82389694753897,10,0,0.03269953207088792,45.600229470629884,28,10,0.0
9,99.78394087408854,19,0,0.016365383105340553,62.922603772634304,33,9,0.0
6,257.1382419408102,15,0,0.03263602975932324,110.92170808278424,27,4,0.0
3,319.8203207306525,14,0,0.0017482565672146814,24.08525242686471,39,3,0.0
45,2361.8707745576153,107,1,0.5247665500302403,95.19697145586566,290,62,1.0
11,305.21006212451704,20,0,0.0035636654726298746,47.949890478924665,29,6,0.0
12,256.4443923845366,20,0,0.06408322257641019,99.46072189312477,36,9,0.0
13,317.2473421309524,14,0,0.026099695804747688,46.85306549798356,27,14,0.0
50,1829.4672297107772,95,1,0.7580267782001906,120.65139967878493,339,55,1.0
11,140.95921712346882,20,0,0.14800122039611677,39.29828414162239,32,7,0.0
10,450.423825283828,13,0,0.008841494223522019,34.524755858710186,36,4,0.0
9,195.14430854819952,13,0,0.3102698144012666,22.362931591095368,27,5,0.0
10,213.0176182035255,17,1,0.01430398211926295,54.60181758455775,29,10,0.0
6,249.18876578634433,12,0,0.00814821135456297,42.5861464836026,36,13,0.0
11,122.32427963561057,10,0,0.020420566104283652,24.786875691763317,29,13,0.0
13,499.3768702648411,20,0,0.13770733228781146,82.89580112211188,25,4,0.0
7,35.54624082814709,17,0,0.007928917466980852,32.970907888112265,37,8,0.0
9,438.4358838595234,20,0,0.04747104517645356,54.642481000476515,34,8,0.0
54,1873.322769346895,105,0,0.6733401309199639,72.37839575041455,284,54,1.0
15,192.32234780798095,12,1,0.06653387604409028,36.661411068345096,40,9,0.0
11,142.50189437039217,24,0,0.013128126359649585,63.72132084083012,38,12,0.0
15,374.3272743456174,14,0,0.004308875453330299,42.92226146190281,23,8,0.0
14,392.0162109097263,16,0,0.009527219499538303,31.665436191671706,25,7,0.0
10,152.0858014865827,16,0,0.0077148581784248806,67.4848009982379,29,6,0.0
4,272.93736162389524,20,0,0.006536603390075019,65.69556281347269,36,8,0.0
8,56.60660793264613,15,0,0.09935233589137854,15.053059397735897,31,10,0.0
16,97.04647349729267,12,0,0.056794433155591545,70.6180314625863,31,9,0.0
13,245.35142517706535,16,0,0.08166200125480234,33.132242169133484,28,5,0.0
12,89.43993313407526,8,0,0.04315351125802668,10.327971689840874,33,4,0.0
8,151.6455509277802,12,0,0.004257591583158091,22.052340827677575,27,11,0.0
5,236.59215853498642,10,0,0.045938889922854165,41.57672758458922,35,10,0.0
6,232.0300119247227,12,0,0.00893530128722351,9.356978590598668,31,6,0.0
7,205.2039842173694,17,0,0.028319469492438937,36.93660807380502,32,7,0.0
3,293.40341170358096,14,0,0.015422396022993773,23.083027703495777,32,14,0.0
11,421.24230024080987,12,0,0.04612184883021391,51.21056108099172,29,12,0.0
60,1921.3971177992555,91,1,0.3273838122008223,9.573835458328182,264,53,1.0
9,196.60457531801322,21,0,0.048987958933590585,32.940427453803586,39,4,0.0
13,479.9427423521703,15,0,0.04026624249634888,20.853158303744223,28,11,0.0
13,184.74169189289162,11,0,0.05675255195447002,13.94285254402273,35,6,0.0
7,126.673380562423,12,0,0.055057783916618815,50.50273141353124,34,9,0.0
8,181.0163235769742,17,0,0.019538874625255137,59.25537010344372,24,8,0.0
11,309.57519038087156,19,0,0.0028050318797746905,16.87992760107616,31,4,0.0
13,165.87490706585984,12,0,0.023883156627299736,45.96141092913158,27,8,0.0
5,81.73718295088118,15,1,0.023201023425928415,23.42607684028532,31,10,0.0
13,426.577092106536,14,0,0.032121728304739305,48.00210756108364,34,4,0.0
9,233.39036405328594,15,0,0.10704599610008343,44.606087683986864,32,11,0.0
7,212.749334756625,21,0,0.04407640734042311,23.318271155101908,35,17,0.0
15,391.59694690275455,16,0,0.04151089641062574,76.96231795405154,30,8,0.0
7,327.77838997861966,19,0,0.023744532655608542,26.795928778972268,32,7,0.0
9,576.7279029118354,15,0,0.0224965887878807,31.341448769254868,33,9,0.0
11,133.27237317978992,20,0,0.15415496964635814,81.23559249068848,33,9,0.0
12,239.02353360862074,17,0,0.03127995839948528,50.387420126105866,30,15,0.0
5,286.40222698338766,16,0,0.018326453002004046,16.907817327432994,23,7,0.0
11,228.11763088486367,15,1,0.014389242036780787,15.001144852330597,38,6,0.0
8,373.0339220554309,13,0,0.07621412518327803,48.80339872378491,32,7,0.0
5,287.44078170606235,9,0,0.05022038143771019,81.67023073793086,29,11,0.0
6,300.7798248418789,17,0,0.042104413491070365,46.96590141206204,23,7,0.0
11,183.11316349039572,15,1,0.00032086533903419637,15.19076983085367,26,15,0.0
48,3625.944190509151,89,1,0.5919596340091156,30.8669736422707,282,43,1.0
8,288.54507735889865,13,0,0.0644438271428297,57.95144185315362,22,7,0.0
68,1744.0537262931152,113,1,0.5306989040930111,12.824691862336993,298,51,1.0
13,81.89287829296502,18,0,0.028591323485824927,6.707298983184957,28,9,0.0
7,383.92565803861277,20,1,0.09778944769686236,45.05441318072599,34,4,0.0
11,272.02402736537346,10,0,0.13605019659052514,34.73006158913226,24,8,0.0
15,185.45071984078686,12,0,0.07081374617871164,58.344681797120586,37,1,0.0
15,191.44933439057056,16,0,0.0012079383075568348,92.9891107928562,20,6,0.0
12,213.35557670641606,13,0,0.016644362311660978,21.874745950048737,36,8,0.0
12,140.47058953645305,17,0,0.016945839630173057,29.699827392875925,25,13,0.0
11,39.12697371557432,15,0,0.0035680190000967876,44.70384815449289,41,5,0.0
4,273.17408485174906,19,1,0.03848190263318668,76.84712747848971,27,9,0.0
5,196.81511882629425,16,0,0.04779782946525323,31.899517997124498,28,6,0.0
18,198.86553287398263,13,0,0.014609712873006601,17.37314048422266,37,12,0.0
9,427.3635983266716,13,0,0.034436221948384534,43.40986530021668,27,10,0.0
9,187.720991825577,11,1,0.062318177437877854,45.3274172097223,31,7,0.0
12,203.9444748239518,11,0,0.04193591300781872,27.015471597607448,25,5,0.0
13,123.91911295351603,12,0,0.01683166426941957,58.39930354803816,31,17,0.0
5,282.42362732036844,14,0,0.07311941881191503,51.94009523921133,27,12,0.0
15,350.00850018962745,17,0,0.09480372332636905,40.590268003948054,28,5,0.0
8,444.67678725057385,17,1,0.08794953585090007,21.753966407978538,24,8,0.0
17,144.71861514097415,14,0,0.0021802180564069735,55.545935394878455,41,10,0.0
7,342.6045076998079,16,0,0.019895309214451543,29.435368429335636,37,6,0.0
7,192.07188610565692,14,0,0.06841630710417244,57.94899706677786,34,11,0.0
12,374.02789581641537,14,0,0.022700917459837665,69.00404228603105,27,13,0.0
10,177.03755316765145,21,0,0.009936130396414377,7.7445318570880906,24,12,0.0
40,2098.551883210671,90,1,0.5926986754891972,15.120819398924596,300,45,1.0
12,341.32451604069263,12,0,0.06253665141106705,17.246777515012123,43,9,0.0
6,226.46908500566997,17,0,0.06444787432831983,24.67944352232365,32,5,0.0
10,181.87948031088303,16,0,0.03408126138206235,11.39423949995436,34,10,0.0
13,339.42766794700884,22,0,0.025466063294840153,22.342374785196988,36,9,0.0
8,470.039571035874,15,0,0.08132773760053068,10.437846696529206,33,8,0.0
8,337.4951347084253,17,0,0.10270915676465607,19.162866073687162,29,8,0.0
17,248.82465068854768,11,0,0.06979317251121465,32.32599400467316,35,12,0.0
11,396.00615936876846,16,0,0.054248109894235536,69.57361464761762,34,6,0.0
10,136.80622612312897,17,0,0.08393544895404818,37.50601144421666,27,9,0.0
13,148.37692262612154,10,1,0.10455774678896265,112.3711767080458,42,11,0.0
3,169.98637855627902,25,0,0.0037169432731244427,99.74540083583439,33,9,0.0
32,1054.495974915739,84,1,0.6024468003980297,17.82113776958922,300,56,1.0
16,99.61361975547234,11,0,0.005984427999959949,92.7185052332812,34,6,0.0
11,226.15220418129147,14,0,0.020765946738897725,57.40397255961909,37,7,0.0
9,237.78107447063047,17,0,0.11199259861558931,57.49322633362013,32,10,0.0
16,343.1358033189192,12,0,0.04169967873560585,45.82014107240969,31,10,0.0
11,284.0970225544499,15,0,0.19863141914706453,53.43991659190286,34,7,0.0
13,352.4749208422995,17,0,0.11658119925255331,35.13368191879968,34,12,0.0
9,228.73837621104363,12,0,0.02474104928040875,114.38062143572957,30,12,0.0
49,3365.5391218192703,95,1,0.5623528188276774,8.055852380101394,306,52,1.0
12,288.32131433473097,16,0,0.033493241682285305,75.22777076263476,28,9,0.0
8,261.4148066370405,14,0,0.0292890373954255,25.00491256566959,34,6,0.0
7,150.51878392683403,15,0,0.015561715373884585,67.13750116597606,32,7,0.0
11,180.98274970423003,16,1,0.08332562054021718,86.00009612999433,27,10,0.0
5,114.32142891119264,10,0,0.010967409326275173,51.82597362854456,34,10,0.0
53,1971.6171580310722,111,1,0.5493729644270224,39.66445655499386,312,49,1.0
64,1661.6034425708935,91,1,0.5705257083039033,15.748433357527365,277,41,1.0
13,102.04667628498187,12,0,0.007843866591343115,47.361812303380574,30,11,0.0
9,407.1253616312965,15,0,0.06460725864070664,58.555988789434096,32,5,0.0
10,303.49587569266913,12,0,0.2049870264328851,23.6609143118257,34,8,0.0
11,403.1570174467657,15,0,0.020237338080237886,89.73868778966043,35,6,0.0
10,175.71241472589557,14,0,0.021887819012035657,32.4092412219545,32,9,0.0
55,2887.4798345409154,97,1,0.35010307044994055,119.64876311673386,288,27,1.0
4,310.3596223679181,18,0,0.019196171489383518,43.616846813974774,27,3,0.0
5,307.2636504734526,12,0,0.03350383362773506,17.042097981934575,23,8,0.0
10,248.8948761633591,13,0,0.031317033528030426,22.84538334322865,29,5,0.0
7,171.75105937428904,9,0,0.054861754333688,28.970865744186042,30,10,0.0
12,215.0030342641006,14,0,0.0010046682915102387,28.807886023880823,37,9,0.0
12,131.8738273917806,14,0,0.04655480114319769,19.28562456347715,32,7,0.0
52,1937.421314192407,80,1,0.5215080303594044,13.585112045460216,296,51,1.0
5,475.3713053050005,22,0,0.06327610164364271,78.41561395180925,27,8,0.0
15,222.36074579138344,14,0,0.05992362506961897,32.64571361410425,37,6,0.0
10,142.70276786615196,18,0,0.01676764434631739,28.03794818424055,23,6,0.0
12,541.5454866068351,16,0,0.02100609541820619,93.04195691144128,19,12,0.0
6,365.9251287468959,12,1,0.010385815146315503,79.18616818169178,27,9,0.0
15,400.2237106635053,21,0,0.09957148820172085,29.803974926674623,35,2,0.0
10,243.5647069495254,14,0,0.010708737835301914,39.013576072065334,22,12,0.0
11,178.81515887997327,16,0,0.059275398008208864,67.53994557678774,31,8,0.0
13,258.39901905290384,11,0,0.14077450846114534,68.20571500065935,41,14,0.0
14,229.95396186881032,10,0,0.01040564855835781,50.55205745548744,32,6,0.0
8,463.7140809510245,8,0,0.013103544638786256,53.08711241424623,31,6,0.0
8,180.7339478738802,10,0,0.004664415893813431,63.86394962149667,33,11,0.0
9,93.23556891189685,16,1,0.0026058361361985007,8.2736327541604,29,10,0.0
5,334.2821103159609,17,0,0.0918895492932423,30.04458254414729,22,9,0.0
12,602.9758238116054,12,0,0.09421630704275345,108.62462332594033,24,5,0.0
11,272.29769162610205,16,0,0.12069425501946852,46.95899093306429,32,9,0.0
12,392.99881639864736,14,0,0.07008388858916406,11.262681265896212,36,6,0.0
16,324.65659070564686,14,0,0.10381416157940625,38.17492798120981,26,8,0.0
7,186.6806018164184,13,0,0.037526514478547664,41.29874630761112,29,16,0.0
8,202.43825332932047,13,0,0.022318009148779266,10.678559382600325,25,6,0.0
7,417.10386270647575,12,1,0.03671989891661421,62.833096624181685,30,9,0.0
7,242.67059812456378,11,0,0.07272468712218352,32.165666437538555,36,13,0.0
8,116.55562751762834,11,0,0.020190531025404104,33.09499018339528,29,5,0.0
58,2653.7125800984645,91,1,0.7366684934687191,20.831347461483364,314,48,1.0
5,249.69711080573452,18,0,0.04388210714690535,29.026217685823383,35,4,0.0
13,491.99705543028705,19,0,0.1701258294846427,37.28168351764742,34,9,0.0
17,271.2839395519806,17,1,0.019163118901791048,28.30434938229221,27,7,0.0
8,281.82119888580206,16,0,0.013936435568042792,26.11584507099061,30,6,0.0
8,268.44424441418636,10,0,0.04202467069905129,84.64805615539849,25,4,0.0
9,187.86948875039909,15,0,0.04308273756230008,15.694954453350372,33,9,0.0
9,241.80263840551834,18,0,0.0016108617242023733,25.461176692024242,24,10,0.0
3,201.62532050989918,24,1,0.021602158846915395,32.6249924483067,35,10,0.0
8,129.53848368784062,20,0,0.014036952501831153,14.489815559544368,40,10,0.0
6,114.71454995650303,11,0,0.026834780467789594,40.04419296838239,33,14,0.0
55,2791.9418841530264,99,1,0.310914460675975,5.120344922890279,285,56,1.0
44,2860.80762837979,87,1,0.6753302096626844,6.18638949911702,314,50,1.0
8,222.79275277070641,17,0,0.03206190337871923,70.383198533951,42,3,0.0
6,303.6854625701727,16,0,0.09584956834270293,71.02050412281967,45,8,0.0
8,281.65426701580105,7,0,0.043348680935937016,31.38079582899302,23,10,0.0
8,118.59279937788574,20,0,0.0319141201648365,14.92109040811585,25,12,0.0
18,302.0143204395549,22,0,0.01974503433388688,33.19918075993663,29,4,0.0
11,191.85887377406408,19,0,0.022122217934056488,34.546345403089006,43,9,0.0
14,359.9520229955652,13,0,0.06117446863817226,22.1804134460053,38,7,0.0
8,104.86339853803595,10,0,0.055610200286579675,20.207361032268974,26,9,0.0
10,149.26639841850374,18,0,0.0687855086537512,66.06503622412197,27,7,0.0
10,312.8387954044526,20,0,0.00046720211113566036,37.179104180378914,29,8,0.0
7,315.48479277939987,11,0,0.04153706677816901,23.503406777423912,30,5,0.0
9,270.11488088148093,14,0,0.010392423981600436,42.69805836552533,36,4,0.0
54,2409.3822896443853,97,1,0.3968658132148908,170.45813837077105,321,44,1.0
8,208.09007744706855,22,0,0.03448459781800684,23.318445568767764,35,8,0.0
12,337.04320163193773,12,0,0.004955042416391065,19.202582361736674,28,5,0.0
19,233.29945445879693,15,0,0.01826297392019427,38.75150707356238,33,9,0.0
5,105.72523026085949,11,0,0.013013310677505958,45.77523063095062,27,5,0.0
9,393.8835070583026,10,0,0.003370592276046604,43.29848270319098,27,5,0.0
5,300.9949226037635,15,0,0.0006729581538939857,42.86582177432191,26,7,0.0
6,276.48087954681773,16,0,0.07172035355740909,56.986852758342835,24,6,0.0
6,180.4434188099323,17,0,0.02271673525414158,16.417352634006,35,6,0.0
8,102.85002160993606,9,0,0.07997687458424912,153.34849544337908,28,13,0.0
7,389.3396312717375,22,0,0.017133423152092528,20.509126457654087,33,9,0.0
6,291.5738667825025,8,0,0.012432299167797521,104.20210830029889,36,3,0.0
8,196.8895969837316,14,0,0.10802874738165243,46.276433044044566,35,9,0.0
6,84.04036567491077,23,0,0.03992358517993474,81.93448081275771,29,9,0.0
5,488.0251762369252,18,0,0.04426667957726111,55.21548781474326,27,11,0.0
7,161.62658792832605,17,0,0.010063233911125886,45.60967405472609,35,7,0.0
7,305.1935865763447,16,0,0.016169510086793244,7.343187315444238,27,9,0.0
11,199.67835103992516,18,1,0.11675811670302043,19.318635002768193,34,5,0.0
16,346.26368989187193,17,0,0.06362005003394737,31.361287673734598,33,9,0.0
8,254.87427062253823,13,0,0.09786085051678246,57.76831652394317,38,5,0.0
17,328.75439915013675,13,0,0.06900105540314815,43.42091356197087,24,5,0.0
14,139.9933002328734,16,0,0.012379804297537088,67.51062536766293,26,8,0.0
8,160.26508942186103,23,0,0.08381159664666303,37.29172555757344,24,9,0.0
13,260.38173341943343,16,0,0.06600064174084307,29.12734489938343,28,7,0.0
8,367.564770402611,14,0,0.00666599761899531,59.92150342023765,27,15,0.0
9,159.93471333994583,12,0,0.04668950723920235,58.66556511403087,33,5,0.0
5,216.96198730548772,19,0,0.04987334635021219,9.56442152517202,33,6,0.0
12,119.46884251039418,17,0,0.1344702377178492,20.14923611305194,32,7,0.0
12,334.88322734829677,13,1,0.11472117656614382,27.882038091934074,37,9,0.0
11,238.75090204262997,14,0,0.041440307013593906,46.916007838069504,27,8,0.0
12,438.9113591203687,15,0,0.002079842731717661,13.088080730984771,25,9,0.0
8,231.31838469065355,12,0,0.06535306675884293,48.706274639773795,23,9,0.0
8,293.2562937529302,14,1,0.0073106486159942845,52.31156188508674,31,11,0.0
8,147.45006363513465,11,0,2.3768938131144007e-05,5.536391239412121,38,7,0.0
11,213.96442414826743,13,0,0.004449787845049844,32.07700100005042,30,7,0.0
7,477.5316381262166,15,0,0.001762701055103266,22.91801804091272,33,11,0.0
11,161.97303273017195,18,0,0.06083869195340407,46.367748286253104,26,9,0.0
12,155.2978848344568,17,0,0.14692532126549906,45.15476713370765,32,6,0.0
8,220.32862779293998,15,0,0.008203926178499965,50.08413802785816,37,11,0.0
9,287.0238639801269,20,0,0.027093179150761326,93.94590024977391,28,5,0.0
9,324.9928965091209,22,0,0.060198587549231415,41.10169041853039,34,9,0.0
16,210.5039397342988,16,0,0.021412778305259703,20.779562916901828,26,8,0.0
11,146.89425888848893,15,0,0.014973796203086785,4.5756338222612944,36,16,0.0
14,539.4127082866917,10,0,0.10399784216115449,40.81436746844986,28,8,0.0
10,69.46776126207499,13,0,0.009924715132461818,18.92791717166425,31,13,0.0
9,239.7625189816543,12,0,0.04664416668678603,34.19105884744639,29,9,0.0
3,75.79251688088445,23,0,0.01920057131732859,59.011038057568726,27,11,0.0
11,139.1031585342557,8,0,0.028221600034405644,29.772914024741414,38,9,0.0
9,201.12632220738172,18,1,0.010006568814140936,53.85401465100177,25,5,0.0
7,179.12606440789176,14,0,0.0592337929965197,48.88485741061344,29,10,0.0
6,353.91268099029537,17,0,0.012964189604566523,108.16873431544333,28,6,0.0
10,310.8773043161755,11,0,0.01993150605743935,17.163650843991867,34,11,0.0
11,81.97612867868342,17,0,0.009656023986967825,28.808331614936485,40,4,0.0
6,150.61992750049274,11,0,0.047795040814362935,54.524478504085835,31,7,0.0
8,190.44472738736195,15,0,0.025704364448658534,48.6690395940757,32,8,0.0
14,248.67817488407127,22,1,0.03585169648196452,48.32839518632391,39,5,0.0
6,152.4865408189807,12,0,0.011797064936898255,63.640188552822515,23,10,0.0
11,183.41149424941057,11,0,0.011590854123477708,48.057662158679385,36,5,0.0
14,279.3184177543383,16,0,0.039922957646543175,26.248377316189,30,4,0.0
16,138.87358140633097,13,0,0.03480275795814231,51.63555139707937,31,9,0.0
6,262.965978488542,17,0,0.014369275144435154,33.08956517347835,26,8,0.0
8,306.52389077471435,18,0,0.038100616884701614,39.53343007591294,24,2,0.0
3,268.2132393475018,19,0,0.009975022468863105,27.985155522020484,33,2,0.0
13,116.0622943557761,23,0,0.019158963220773546,14.046370381167383,33,13,0.0
15,193.83404727561629,15,0,0.021071109887230224,21.990589122606487,31,9,0.0
10,133.18368886790185,17,0,0.017434755695234786,45.77558009491738,35,4,0.0
9,238.2521083502595,22,0,0.053396626748667325,31.573558473939272,31,5,0.0
4,145.11354579996228,6,0,0.095727917855381,65.07328928437643,33,12,0.0
11,292.65079748095724,11,0,0.053914217518633685,32.5967100489946,29,7,0.0
14,343.63333303875646,16,0,0.01220642187887472,32.48358693718438,28,5,0.0
7,160.21789539351016,20,0,0.037972704478195916,44.70027241861088,28,4,0.0
4,227.95251483499078,15,0,0.044559704999556596,25.362265549153772,39,9,0.0
10,313.81750091355775,15,0,0.0510015210805189,56.98081707468066,20,7,0.0
11,278.5052586848456,17,0,0.0029473169920465553,25.007082459548577,16,10,0.0
11,291.71917163425076,15,0,0.004427477155950545,66.19924257060319,24,4,0.0
6,229.2987202943093,11,0,0.019391576662227725,90.17419304794882,24,9,0.0
11,369.4751896630747,12,0,0.012607530617850395,17.06866441612925,30,8,0.0
17,172.1844794178229,17,0,0.03931639960223456,59.62479404381153,32,6,0.0
8,204.39647929640032,17,0,0.06020670298529734,114.35977568981174,43,6,0.0
11,204.97226872533508,13,1,0.06338586625182406,20.902307756305895,20,5,0.0
9,156.73940086487482,13,0,0.04666917322967764,54.97280677308746,30,15,0.0
21,94.41323367600091,12,0,0.008657579973753195,46.94156296232039,30,5,0.0
9,424.5994079985943,12,0,0.011933443414569433,37.71432925999243,24,9,0.0
43,1886.4297666943369,103,1,0.5146902451864299,98.49565835762877,321,56,1.0
13,377.0653443858167,12,0,0.025548515606410593,34.781937035232154,22,11,0.0
14,156.793317039047,18,0,0.0030043733280467914,18.553797211688128,30,4,0.0
11,323.79833699403207,15,0,0.00484115977242476,75.86026230533092,34,12,0.0
14,267.71196190845495,11,0,0.01580074682580541,71.65394543608717,23,8,0.0
57,1103.0276847257753,93,1,0.6415303561602768,1.2505399353691267,328,66,1.0
10,282.4182851548203,21,0,0.005857965322564017,72.05364149729208,22,10,0.0
19,154.42377494049026,12,0,0.018039673300275748,25.68693157254317,35,12,0.0
17,177.49250170650708,17,0,0.10595130783787539,53.21867481046395,19,5,0.0
6,244.5088882542168,12,0,0.10583141927637564,23.969584207630582,33,7,0.0
