event_duration,access_count,time_of_day,failed_attempts,unusual_ip,unusual_location,unusual_device,sensitive_data_access,is_threat
22.851002282560003,1,14,0,0.0,0.0,0,0,0.0
22.784774945370447,2,7,0,0.0,0.0,0,0,0.0
5.83721956473482,3,18,0,0.0,0.0,0,0,0.0
11.505388793024277,1,13,0,0.0,0.0,0,1,0.0
35.85124038047505,4,7,0,0.0,0.0,0,0,0.0
17.280570526777943,5,9,2,0.0,0.0,0,0,0.0
38.702923935452645,8,10,0,0.0,0.0,0,0,0.0
44.25285893502814,10,5,2,0.0,1.0,0,1,1.0
10.71319894697615,2,15,1,0.0,0.0,1,0,0.0
7.662041294056971,2,13,0,0.0,0.0,1,1,0.0
21.416055810401787,0,15,0,0.0,0.0,0,0,0.0
2.2385705248707395,1,8,0,0.0,0.0,0,0,0.0
31.15772955252799,21,21,1,1.0,1.0,0,1,1.0
15.744018794262605,2,14,0,0.0,0.0,0,0,0.0
25.05812495287139,3,10,0,0.0,0.0,0,0,0.0
55.456468361065866,18,1,1,1.0,0.0,0,1,1.0
13.91852184959146,0,14,0,0.0,0.0,0,0,0.0
50.914219053518075,18,4,2,0.0,1.0,0,1,1.0
6.984617454703965,2,13,1,0.0,0.0,0,0,0.0
24.774361184780886,6,13,0,0.0,0.0,0,0,0.0
16.428803742395083,0,17,0,0.0,0.0,0,1,0.0
23.562735707681096,3,15,0,0.0,0.0,0,0,0.0
1.3392825520601834,20,0,3,1.0,0.0,1,1,1.0
18.264785626208003,3,7,0,0.0,0.0,0,0,0.0
11.313758598568107,4,18,0,0.0,0.0,0,0,0.0
12.722019438479288,17,22,3,1.0,1.0,1,1,1.0
9.137140205273864,3,10,0,0.0,0.0,1,0,0.0
7.417676933235474,15,1,4,1.0,0.0,1,1,1.0
22.59988302376975,2,12,0,0.0,0.0,0,0,0.0
18.185260043607364,3,13,0,0.0,0.0,0,0,0.0
28.133538079790505,1,15,0,0.0,0.0,0,0,0.0
50.134252435296645,17,6,1,1.0,1.0,0,0,1.0
13.768267196458797,4,10,0,0.0,0.0,0,0,0.0
21.479492608353507,5,10,0,0.0,0.0,0,1,0.0
21.368089673212932,5,16,1,0.0,0.0,0,0,0.0
14.261224662952197,14,3,5,1.0,1.0,1,0,1.0
28.027033758895676,4,16,0,0.0,0.0,0,0,0.0
20.563809102050318,2,13,0,0.0,0.0,0,0,0.0
3.1711331748392944,3,18,0,0.0,0.0,0,0,0.0
72.76865661635912,23,0,4,1.0,1.0,1,0,1.0
12.984978012876242,3,18,0,0.0,0.0,0,0,0.0
37.00079811010552,5,7,1,0.0,0.0,0,1,0.0
31.83899408898979,22,1,1,1.0,0.0,1,0,1.0
23.145726645218375,18,1,2,1.0,1.0,1,1,1.0
14.928742879696486,1,16,0,0.0,0.0,0,1,0.0
60.931222643310015,22,3,4,0.0,1.0,0,1,1.0
9.71477452785109,3,12,0,0.0,0.0,0,0,0.0
17.751677079892502,3,14,0,0.0,0.0,0,0,0.0
26.07008541476563,2,9,0,0.0,0.0,0,0,0.0
41.58652107975392,3,9,0,0.0,0.0,0,1,0.0
33.83441673402218,2,14,0,0.0,0.0,0,0,0.0
55.60010576146702,4,15,0,0.0,0.0,0,0,0.0
9.588343664020902,0,14,0,0.0,0.0,0,0,0.0
11.544579070655354,6,13,0,0.0,0.0,0,0,0.0
13.695198381389302,2,13,0,0.0,0.0,0,0,0.0
44.59911451851637,4,8,0,0.0,0.0,1,0,0.0
34.208554473974424,6,13,0,0.0,0.0,0,0,0.0
5.113060779282968,4,12,0,0.0,0.0,0,0,0.0
6.240143537190992,1,8,0,0.0,0.0,0,0,0.0
28.444438023913868,2,11,1,0.0,0.0,0,0,0.0
15.64618645023267,1,8,0,0.0,0.0,0,0,0.0
37.211592116285686,2,11,0,0.0,0.0,0,0,0.0
11.214349675200985,4,7,0,0.0,0.0,0,0,0.0
17.01617642552844,4,17,0,0.0,0.0,0,0,0.0
32.87745442784054,5,13,0,0.0,0.0,0,0,0.0
13.93161347207582,1,13,0,0.0,0.0,0,0,0.0
36.383300997845424,16,23,4,1.0,0.0,1,1,1.0
42.045719377037855,1,9,0,0.0,0.0,0,0,0.0
81.35864910957501,19,21,4,1.0,0.0,1,1,1.0
6.93537659944775,4,17,0,0.0,0.0,0,0,0.0
10.589411858280844,4,12,0,0.0,0.0,0,0,0.0
9.005744379029215,4,16,0,0.0,0.0,0,0,0.0
20.548616504144867,2,15,0,0.0,0.0,0,0,0.0
20.870595224639974,3,15,0,0.0,0.0,0,0,0.0
25.857317064435456,3,10,0,0.0,0.0,0,0,0.0
30.632015727284884,3,13,0,0.0,0.0,0,0,0.0
42.050002959424624,17,3,4,1.0,0.0,1,1,1.0
13.220556667956835,17,5,2,1.0,0.0,1,1,1.0
29.529621597042528,3,13,0,0.0,0.0,0,0,0.0
36.05055480493966,26,5,5,1.0,1.0,0,1,1.0
14.382881157859886,2,16,0,0.0,0.0,1,0,0.0
0.6165243190609706,21,5,2,1.0,0.0,0,1,1.0
36.85355010846833,2,17,0,0.0,0.0,0,1,0.0
4.695462051355528,3,8,1,0.0,0.0,0,0,0.0
38.22470967928094,12,0,1,1.0,1.0,1,1,1.0
6.368978321152694,24,3,5,0.0,1.0,0,1,1.0
10.455760858160188,1,12,1,0.0,0.0,0,0,0.0
71.60630273590033,22,3,4,1.0,1.0,1,1,1.0
19.84844911636944,2,13,0,0.0,0.0,0,0,0.0
19.260694688255214,20,4,2,1.0,1.0,1,1,1.0
26.245865150561727,2,11,0,0.0,0.0,0,1,0.0
15.729509812079092,20,1,2,0.0,1.0,1,1,1.0
54.15842103045318,15,1,2,1.0,1.0,1,1,1.0
16.05827246059696,4,8,0,0.0,0.0,0,0,0.0
21.281276153230642,4,15,0,0.0,0.0,0,0,0.0
5.249726881020579,1,7,0,0.0,0.0,0,0,0.0
7.949285655736633,7,17,0,0.0,0.0,0,0,0.0
45.435291949504006,21,5,2,0.0,1.0,1,1,1.0
20.251904857497532,5,12,0,0.0,0.0,0,1,0.0
80.84394226069529,11,5,4,1.0,1.0,1,1,1.0
24.35377220027748,6,8,1,0.0,0.0,0,0,0.0
45.69063086746784,3,11,0,0.0,0.0,0,0,0.0
21.0164615667898,4,15,0,0.0,0.0,0,0,0.0
12.427442325760449,2,17,0,0.0,0.0,0,0,0.0
28.51108465593566,11,22,4,1.0,0.0,1,1,1.0
19.25747664735923,0,14,0,0.0,0.0,0,0,0.0
13.792484807043202,2,16,0,0.0,0.0,0,0,0.0
43.05657015895784,6,13,1,0.0,0.0,1,0,0.0
20.566772889678738,1,17,0,0.0,0.0,0,0,0.0
66.14986819135711,27,1,3,1.0,1.0,0,1,1.0
6.870618941603256,3,10,0,0.0,0.0,0,0,0.0
22.736328610524676,23,0,4,1.0,0.0,1,1,1.0
41.20883870333258,1,9,0,0.0,0.0,0,0,0.0
22.9580062788638,1,7,2,0.0,0.0,0,0,0.0
17.396472720273145,2,9,0,0.0,0.0,0,0,0.0
8.100496184847835,26,22,3,1.0,0.0,0,1,1.0
18.119213708636796,4,13,1,0.0,0.0,0,0,0.0
6.773794471462333,7,8,1,0.0,0.0,1,0,0.0
10.941320626202451,3,7,1,0.0,0.0,0,0,0.0
27.586040758204366,1,13,1,0.0,0.0,0,0,0.0
5.81559678315259,1,18,0,0.0,0.0,0,0,0.0
5.950072545213726,2,18,0,0.0,0.0,0,0,0.0
40.96692791078317,3,17,0,0.0,0.0,0,0,0.0
23.892713429439407,2,12,0,0.0,0.0,0,0,0.0
23.936793898692365,1,13,0,0.0,0.0,0,0,0.0
11.286297094694573,4,9,0,0.0,0.0,0,1,0.0
44.25046451386844,16,4,2,0.0,1.0,1,1,1.0
13.823022943318007,1,9,1,0.0,0.0,0,0,0.0
21.914502910590443,13,5,2,1.0,0.0,1,1,1.0
43.35527216987615,4,14,1,0.0,0.0,0,0,0.0
88.36714750370007,18,21,3,1.0,1.0,1,1,1.0
6.717540868996209,4,14,2,0.0,0.0,0,0,0.0
25.281808391591618,4,11,0,0.0,0.0,0,0,0.0
20.910775633845198,21,23,6,0.0,0.0,1,1,1.0
36.59336547082129,3,7,0,0.0,0.0,0,0,0.0
10.03433494510731,25,1,2,1.0,1.0,1,1,1.0
11.551462229180194,2,7,1,0.0,0.0,0,0,0.0
13.74227780911875,5,10,0,0.0,0.0,0,0,0.0
29.52578909206342,28,21,5,1.0,0.0,1,1,1.0
12.266544450228475,27,3,2,1.0,1.0,1,1,1.0
6.049723573682597,20,5,8,0.0,1.0,0,1,1.0
2.9024847850045523,1,14,1,0.0,0.0,0,0,0.0
16.1612094384933,2,8,0,0.0,0.0,0,0,0.0
22.295270953077235,6,10,0,0.0,0.0,0,0,0.0
6.928336264252287,4,11,1,0.0,0.0,0,0,0.0
19.165717437776124,1,10,0,0.0,0.0,0,0,0.0
31.710843276503702,2,9,1,0.0,0.0,0,0,0.0
10.273291936139561,1,13,0,0.0,0.0,1,0,0.0
23.703511150172915,3,17,1,0.0,0.0,0,0,0.0
21.051319929965054,22,5,3,1.0,0.0,1,1,1.0
14.50999009590893,20,21,4,1.0,1.0,1,1,1.0
6.555867037394591,1,18,0,0.0,0.0,0,0,0.0
35.385509039538796,26,6,6,1.0,1.0,0,0,1.0
22.583783487614156,2,9,1,0.0,0.0,0,0,0.0
50.25658085936639,24,22,3,1.0,1.0,1,1,1.0
8.231088480574071,13,3,2,1.0,0.0,1,1,1.0
9.635421393946334,3,10,1,0.0,0.0,0,0,0.0
2.7112970090369304,3,13,0,0.0,0.0,1,0,0.0
24.001302558065465,14,22,5,1.0,0.0,0,1,1.0
18.971277762531543,3,14,0,0.0,0.0,0,0,0.0
27.069792883492234,3,13,0,0.0,0.0,0,0,0.0
71.40445860389445,12,22,2,0.0,1.0,1,1,1.0
0.2762343682195466,20,6,1,1.0,1.0,0,0,1.0
10.621082418805763,14,21,2,1.0,1.0,1,0,1.0
6.653443195744753,2,8,0,0.0,0.0,0,0,0.0
6.084776823412053,21,23,2,1.0,1.0,0,1,1.0
6.401373048438836,5,11,1,0.0,0.0,0,0,0.0
38.1846355200142,15,22,5,1.0,0.0,0,1,1.0
15.933822735996745,2,14,0,0.0,0.0,0,0,0.0
31.186913188657705,1,8,0,0.0,0.0,0,0,0.0
95.84319132214874,18,5,3,1.0,1.0,1,1,1.0
15.094934698569757,5,13,0,0.0,0.0,0,0,0.0
23.881024213086928,5,17,0,0.0,0.0,0,0,0.0
4.772399446499392,2,10,0,0.0,0.0,0,0,0.0
14.736584473346785,1,13,0,0.0,0.0,0,1,0.0
63.174173582210884,21,6,2,1.0,1.0,1,1,1.0
13.988526118012786,7,7,0,0.0,0.0,0,0,0.0
10.709664439064516,3,11,0,0.0,0.0,0,0,0.0
52.2271011317719,3,16,1,0.0,0.0,0,0,0.0
20.63627160974422,3,8,0,0.0,0.0,0,0,0.0
16.242646844257337,4,7,0,0.0,0.0,0,0,0.0
17.273376495986835,3,15,0,0.0,0.0,0,0,0.0
14.328189302824601,3,14,0,0.0,0.0,0,0,0.0
27.90173791969885,4,9,1,0.0,0.0,0,0,0.0
4.393975177119621,1,16,0,0.0,0.0,0,0,0.0
43.228208013532075,10,3,2,1.0,1.0,1,1,1.0
34.30523650817441,1,17,0,0.0,0.0,0,0,0.0
43.59317290147351,14,22,1,1.0,1.0,1,1,1.0
4.231886726312083,15,23,4,1.0,1.0,0,1,1.0
18.388702716279084,19,4,0,0.0,1.0,0,1,1.0
14.944647302155875,3,17,0,0.0,0.0,0,0,0.0
11.769358948789112,19,20,1,1.0,1.0,1,0,1.0
23.816379589647447,3,8,0,0.0,0.0,0,0,0.0
13.586880498677257,1,14,0,0.0,0.0,0,0,0.0
19.792191072503915,16,6,6,1.0,1.0,1,1,1.0
57.07409999532162,4,14,0,0.0,0.0,0,0,0.0
16.516011092126778,18,0,5,1.0,1.0,1,1,1.0
10.78816360951011,3,14,2,0.0,0.0,0,0,0.0
13.822835843709536,1,9,1,0.0,0.0,0,1,0.0
27.615485040605783,20,20,5,0.0,1.0,0,1,1.0
32.56013564679034,2,17,0,0.0,0.0,1,0,0.0
9.492331580322274,6,14,0,0.0,0.0,0,1,0.0
5.291380569674935,6,11,1,0.0,0.0,0,0,0.0
38.48439769601088,1,13,0,0.0,0.0,0,0,0.0
45.22213156043042,19,5,1,0.0,1.0,1,1,1.0
26.28502670464911,6,9,0,0.0,0.0,0,0,0.0
22.107056126444743,2,12,0,0.0,0.0,0,0,0.0
4.329122194076865,3,7,0,0.0,0.0,0,0,0.0
48.94658168606844,26,2,2,1.0,0.0,1,1,1.0
18.295901003970947,5,8,0,0.0,0.0,0,0,0.0
22.07260120482662,4,9,0,0.0,0.0,0,0,0.0
34.308584304484086,3,7,1,0.0,0.0,0,0,0.0
19.391154321845764,13,22,7,0.0,1.0,0,1,1.0
9.235198996894365,22,5,2,1.0,1.0,0,1,1.0
15.418818091061283,0,14,0,0.0,0.0,0,0,0.0
20.26914590597363,3,15,0,0.0,0.0,0,0,0.0
23.024415157399787,1,10,1,0.0,0.0,0,0,0.0
8.256317345052627,1,16,0,0.0,0.0,0,1,0.0
17.126074805646155,4,10,0,0.0,0.0,0,0,0.0
23.549843656366523,28,2,3,1.0,1.0,0,1,1.0
4.346401949964831,3,15,0,0.0,0.0,1,0,0.0
25.514015274902956,3,12,0,0.0,0.0,0,1,0.0
6.2434400573132205,7,13,0,0.0,0.0,0,0,0.0
20.195315260116082,3,13,0,0.0,0.0,0,0,0.0
12.280945810636855,3,9,0,0.0,0.0,1,0,0.0
0.9468293823907288,20,6,4,1.0,1.0,1,0,1.0
2.690989848803223,15,0,4,1.0,0.0,0,1,1.0
4.444439183143525,1,12,1,0.0,0.0,1,0,0.0
13.75261801936569,2,18,0,0.0,0.0,0,0,0.0
61.81725975508609,0,16,1,0.0,0.0,0,0,0.0
23.52430393225642,2,7,1,0.0,0.0,0,0,0.0
31.100605761774766,4,10,0,0.0,0.0,0,0,0.0
20.881028749590477,19,1,2,1.0,1.0,0,1,1.0
17.261946383968553,3,18,0,0.0,0.0,0,0,0.0
27.103752051173107,5,12,0,0.0,0.0,0,0,0.0
16.222884862933196,5,12,0,0.0,0.0,0,0,0.0
21.55192832176961,4,8,1,0.0,0.0,1,0,0.0
3.102780554923627,3,12,1,0.0,0.0,0,0,0.0
41.917885408016964,15,22,4,1.0,1.0,1,1,1.0
17.42948875519292,5,18,0,0.0,0.0,0,0,0.0
9.632161543913746,7,16,0,0.0,0.0,0,0,0.0
20.956988328288567,0,14,0,0.0,0.0,0,0,0.0
33.96997182955537,3,10,0,0.0,0.0,0,0,0.0
27.688121461893598,4,12,0,0.0,0.0,0,0,0.0
0.8578903863484318,15,22,0,0.0,0.0,1,1,1.0
23.078016650556734,3,15,0,0.0,0.0,0,0,0.0
26.569753608282486,2,7,1,0.0,0.0,0,0,0.0
31.555272957991424,4,13,0,0.0,0.0,0,0,0.0
13.430754987848774,4,13,1,0.0,0.0,0,0,0.0
23.075426154829888,23,1,2,1.0,1.0,1,1,1.0
80.9347252121752,18,2,4,1.0,1.0,1,1,1.0
29.661475990802924,2,13,0,0.0,0.0,0,0,0.0
15.959784942568971,1,16,0,0.0,0.0,0,1,0.0
10.840748350404715,0,10,0,0.0,0.0,0,1,0.0
10.911379421312294,6,11,1,0.0,0.0,0,1,0.0
19.586207416977896,1,8,0,0.0,0.0,0,0,0.0
28.667062309642223,4,18,0,0.0,0.0,0,0,0.0
8.649786265883623,15,3,3,1.0,1.0,0,1,1.0
16.326711944514607,5,18,0,0.0,0.0,0,0,0.0
32.96216588602968,18,2,2,1.0,1.0,1,1,1.0
3.4966118350034443,20,0,4,1.0,0.0,1,1,1.0
60.900962198351294,1,11,0,0.0,0.0,0,0,0.0
19.08633409117198,23,2,3,1.0,1.0,0,1,1.0
19.35003205838232,1,14,0,0.0,0.0,0,0,0.0
7.869200543779319,4,7,1,0.0,0.0,0,1,0.0
67.63819281610114,24,2,3,1.0,0.0,0,1,1.0
63.097324033103305,2,16,1,0.0,0.0,0,1,0.0
27.75230773559737,1,8,0,0.0,0.0,0,0,0.0
10.30316616584649,3,12,0,0.0,0.0,0,0,0.0
12.411793205236062,2,14,0,0.0,0.0,0,0,0.0
0.21365497944722123,19,2,3,1.0,1.0,0,1,1.0
18.281657775006703,20,3,3,0.0,0.0,1,1,1.0
14.337410911391835,18,4,2,1.0,1.0,0,1,1.0
15.542403442300184,3,15,1,0.0,0.0,0,0,0.0
14.494585568843647,15,2,5,1.0,1.0,1,1,1.0
27.597735536568795,3,13,0,0.0,0.0,0,0,0.0
4.22277623928349,0,11,0,0.0,0.0,0,0,0.0
10.837619710171717,2,13,0,0.0,0.0,0,1,0.0
44.08683819561955,17,1,2,1.0,1.0,0,1,1.0
30.37192912886287,1,15,0,0.0,0.0,0,0,0.0
26.00624540096647,21,22,5,1.0,1.0,1,1,1.0
33.397871157431695,3,17,1,0.0,0.0,0,0,0.0
21.241520048334923,5,11,0,0.0,0.0,0,0,0.0
30.65783667357428,3,7,1,0.0,0.0,0,0,0.0
49.1823566968852,18,0,7,0.0,1.0,0,1,1.0
54.51596815980204,4,14,0,0.0,0.0,0,0,0.0
23.957903268117725,2,11,0,0.0,0.0,0,0,0.0
27.827276176603984,3,17,0,0.0,0.0,0,0,0.0
17.703090696449692,26,20,3,1.0,1.0,1,1,1.0
10.408763935160035,3,7,0,0.0,0.0,0,0,0.0
60.778150838746996,1,13,1,0.0,0.0,0,0,0.0
62.78199196878948,6,9,0,0.0,0.0,0,0,0.0
35.15929908106794,2,7,2,0.0,0.0,0,0,0.0
4.944204228039384,2,14,1,0.0,0.0,0,0,0.0
15.975503477189987,2,9,1,0.0,0.0,0,0,0.0
3.670537384929725,1,9,0,0.0,0.0,0,0,0.0
10.580274390543035,2,13,1,0.0,0.0,0,0,0.0
10.770811003970497,5,9,0,0.0,0.0,0,0,0.0
3.0549601449889177,16,23,5,1.0,1.0,1,0,1.0
34.92326563523554,1,17,0,0.0,0.0,0,0,0.0
50.39627468568607,3,16,0,0.0,0.0,0,0,0.0
21.494316569904584,2,17,0,0.0,0.0,0,0,0.0
15.228873752748076,2,18,0,0.0,0.0,0,0,0.0
15.069200210010475,4,10,0,0.0,0.0,0,0,0.0
25.87618956707874,1,12,0,0.0,0.0,0,1,0.0
0.5558697118594199,16,21,3,1.0,1.0,1,1,1.0
23.372504931363377,3,13,0,0.0,0.0,0,0,0.0
8.261246947519595,22,1,5,1.0,1.0,0,1,1.0
60.423228373968804,4,12,1,0.0,0.0,0,0,0.0
41.68590916477112,6,7,0,0.0,0.0,0,0,0.0
10.157105839654367,3,17,0,0.0,0.0,0,0,0.0
23.325252591627574,3,18,0,0.0,0.0,0,0,0.0
58.92939266887354,21,6,9,0.0,1.0,0,1,1.0
12.814996635457838,3,14,0,0.0,0.0,0,0,0.0
5.92695585749831,4,16,0,0.0,0.0,0,0,0.0
29.510885233632564,2,17,0,0.0,0.0,0,0,0.0
41.482475927782325,3,11,1,0.0,0.0,0,0,0.0
26.09428168891923,18,1,4,1.0,0.0,0,1,1.0
23.61494139580177,4,14,0,0.0,0.0,0,1,0.0
11.482807225678576,3,16,0,0.0,0.0,0,0,0.0
16.190733180785987,2,15,0,0.0,0.0,0,0,0.0
21.931970637553604,3,16,0,0.0,0.0,0,0,0.0
10.991971181233627,2,15,0,0.0,0.0,0,0,0.0
25.473950904989046,1,15,1,0.0,0.0,0,0,0.0
21.21168842026639,2,15,1,0.0,0.0,0,0,0.0
4.091011250545461,4,7,0,0.0,0.0,0,0,0.0
24.40588255385007,18,3,2,1.0,0.0,1,1,1.0
10.62442000726616,2,10,1,0.0,0.0,0,0,0.0
25.023860140490825,19,2,1,1.0,1.0,0,1,1.0
13.973686882809751,2,11,0,0.0,0.0,0,0,0.0
21.061656373481632,3,9,0,0.0,0.0,0,0,0.0
23.730404752392015,15,2,3,1.0,1.0,0,1,1.0
8.684977319817511,3,13,0,0.0,0.0,0,0,0.0
26.119128358470558,4,15,0,0.0,0.0,0,0,0.0
8.506756007927946,1,13,0,0.0,0.0,0,0,0.0
9.94128339906782,5,9,0,0.0,0.0,0,0,0.0
20.217636415175996,4,17,0,0.0,0.0,0,0,0.0
14.669983703616063,2,18,0,0.0,0.0,0,0,0.0
29.00877893006185,4,14,0,0.0,0.0,0,0,0.0
30.52812298347078,1,18,0,0.0,0.0,0,0,0.0
7.789198667074939,16,6,3,1.0,1.0,0,1,1.0
32.68583519436555,19,2,3,1.0,1.0,0,1,1.0
23.28607441652156,3,7,0,0.0,0.0,0,0,0.0
9.146857837815253,1,12,0,0.0,0.0,0,0,0.0
5.168131746100904,3,17,0,0.0,0.0,1,0,0.0
15.06624992932544,19,21,2,1.0,1.0,1,1,1.0
11.894787965328577,2,8,0,0.0,0.0,0,0,0.0
0.2806170726584488,27,6,2,1.0,1.0,0,1,1.0
31.497723935742506,1,10,0,0.0,0.0,0,0,0.0
22.47598395316822,21,0,4,1.0,1.0,1,1,1.0
13.424963189459465,2,8,0,0.0,0.0,0,0,0.0
11.17462323726004,3,17,0,0.0,0.0,0,0,0.0
8.547978107475362,3,11,0,0.0,0.0,0,0,0.0
19.730308082326037,4,14,0,0.0,0.0,0,0,0.0
46.88948622894229,2,7,0,0.0,0.0,0,1,0.0
31.54629072396417,2,11,1,0.0,0.0,0,0,0.0
33.37869768474488,21,0,2,0.0,1.0,1,1,1.0
17.52306582764523,18,5,2,1.0,1.0,0,1,1.0
14.70888337669017,2,15,0,0.0,0.0,0,0,0.0
44.40161681348118,4,10,0,0.0,0.0,0,0,0.0
11.399098306866504,4,13,0,0.0,0.0,0,1,0.0
47.772572983785444,2,15,0,0.0,0.0,0,0,0.0
10.285022243131767,1,11,0,0.0,0.0,0,0,0.0
26.930178432455648,26,23,0,1.0,0.0,0,1,1.0
15.322743905407139,2,8,0,0.0,0.0,0,0,0.0
2.191985036771824,16,22,2,1.0,1.0,1,1,1.0
51.573072888814494,4,15,0,0.0,0.0,0,0,0.0
6.746818826397823,22,21,2,0.0,1.0,0,1,1.0
22.594123425882096,1,9,0,0.0,0.0,0,0,0.0
49.56172151703478,3,10,0,0.0,0.0,0,0,0.0
3.4750650936714496,1,9,0,0.0,0.0,0,0,0.0
4.078118147949712,16,6,1,1.0,0.0,1,0,1.0
92.18074940737203,15,21,1,1.0,1.0,0,1,1.0
24.07300969925776,5,14,1,0.0,0.0,0,0,0.0
31.951428393730694,2,8,1,0.0,0.0,0,0,0.0
2.1410508190600064,6,15,1,0.0,0.0,0,0,0.0
18.90923295628555,1,14,0,0.0,0.0,0,0,0.0
16.83508449691649,2,18,1,0.0,0.0,0,0,0.0
1.187166235150318,25,21,7,1.0,1.0,1,1,1.0
3.93822382107124,3,13,0,0.0,0.0,0,0,0.0
12.985418009338396,3,8,0,0.0,0.0,0,0,0.0
47.871521462659615,3,13,0,0.0,0.0,0,0,0.0
36.5341672800904,5,16,0,0.0,0.0,0,0,0.0
53.682098888067024,1,8,1,0.0,0.0,0,0,0.0
19.168583713721244,2,16,0,0.0,0.0,0,0,0.0
7.579672674911533,3,13,0,0.0,0.0,0,0,0.0
43.11715310485566,4,17,0,0.0,0.0,0,0,0.0
21.189745297386516,4,12,0,0.0,0.0,1,0,0.0
67.96532198224487,8,9,1,0.0,0.0,0,0,0.0
9.599005983168512,4,17,0,0.0,0.0,0,1,0.0
9.3216309608042,3,16,1,0.0,0.0,0,0,0.0
17.58414638271946,7,17,1,0.0,0.0,0,0,0.0
12.981326768045511,1,16,0,0.0,0.0,0,0,0.0
35.46836374670661,4,7,0,0.0,0.0,0,0,0.0
12.802083787820681,3,7,2,0.0,0.0,0,0,0.0
68.96152426802838,22,4,4,1.0,1.0,1,1,1.0
60.489543570749845,13,22,3,1.0,1.0,0,1,1.0
33.17395783113085,20,20,3,1.0,1.0,1,1,1.0
63.98167978949935,17,6,4,1.0,0.0,1,1,1.0
29.764326231288727,19,2,5,0.0,1.0,1,1,1.0
4.984328842022304,3,9,0,0.0,0.0,0,0,0.0
19.725908827028483,1,8,1,0.0,0.0,0,0,0.0
39.226871334886056,16,20,3,0.0,1.0,0,0,1.0
7.7670228180217995,16,4,2,1.0,0.0,1,1,1.0
46.363566576984276,0,11,0,0.0,0.0,0,0,0.0
33.79626611649347,2,12,0,0.0,0.0,0,0,0.0
20.397547384538694,17,2,2,1.0,1.0,1,1,1.0
10.838058379198687,20,1,0,1.0,1.0,0,1,1.0
9.098340955223158,4,15,0,0.0,0.0,0,0,0.0
43.9194818501262,3,14,1,0.0,0.0,0,1,0.0
9.234931956712785,3,10,1,0.0,0.0,0,1,0.0
29.52947828674513,2,17,0,0.0,0.0,0,0,0.0
27.560597614152307,15,2,3,1.0,1.0,1,1,1.0
62.53124725445366,2,10,0,0.0,0.0,0,0,0.0
8.943371155512947,4,13,0,0.0,0.0,0,0,0.0
4.258455742984131,1,8,0,0.0,0.0,0,0,0.0
49.02919928760329,2,13,1,0.0,0.0,0,0,0.0
10.022034402965126,3,9,1,0.0,0.0,0,0,0.0
41.27340682772812,2,7,0,0.0,0.0,0,0,0.0
35.04812556028296,5,14,0,0.0,0.0,1,0,0.0
11.801135418175372,6,18,0,0.0,0.0,0,0,0.0
2.407425922453984,2,7,0,0.0,0.0,0,0,0.0
4.215121759072007,19,2,4,1.0,1.0,0,1,1.0
28.37588696980486,14,3,4,1.0,0.0,0,0,1.0
41.30836489551424,22,5,2,1.0,1.0,0,1,1.0
23.410887385363715,20,22,3,1.0,0.0,1,1,1.0
19.356951635747077,4,8,0,0.0,0.0,1,0,0.0
34.40524248256498,5,14,0,0.0,0.0,0,0,0.0
11.809318079873181,0,18,0,0.0,0.0,0,0,0.0
9.040842928085176,3,18,0,0.0,0.0,0,0,0.0
76.61740835810136,15,3,2,1.0,0.0,0,1,1.0
24.28264843719183,6,12,1,0.0,0.0,0,0,0.0
5.351814462790401,4,14,1,0.0,0.0,0,0,0.0
26.243244941580627,6,9,0,0.0,0.0,0,0,0.0
9.703772566074672,0,11,0,0.0,0.0,0,0,0.0
143.694939737963,16,21,5,1.0,1.0,0,1,1.0
51.907557115696505,17,0,0,1.0,1.0,0,1,1.0
29.755122325022214,5,10,0,0.0,0.0,0,1,0.0
12.17076633177011,5,8,0,0.0,0.0,0,0,0.0
60.21809997323984,17,6,1,1.0,1.0,0,1,1.0
16.939298292369575,1,17,0,0.0,0.0,0,0,0.0
17.685572935684725,1,16,0,0.0,0.0,0,1,0.0
1.2268188616790165,21,3,2,1.0,1.0,1,1,1.0
42.12804580611479,3,18,0,0.0,0.0,0,0,0.0
33.819597623538066,2,17,1,0.0,0.0,0,0,0.0
53.379362724366125,22,20,5,1.0,0.0,0,1,1.0
33.93102920340273,14,22,0,1.0,1.0,0,1,1.0
16.86860141328341,4,9,1,0.0,0.0,0,1,0.0
23.919833952029887,3,12,0,0.0,0.0,0,0,0.0
54.04643610025299,19,21,3,0.0,1.0,1,1,1.0
5.310970112563101,1,11,0,0.0,0.0,0,0,0.0
23.858080956027848,7,7,0,0.0,0.0,0,0,0.0
8.502732673038052,4,9,0,0.0,0.0,0,0,0.0
10.708432224190494,1,8,0,0.0,0.0,0,0,0.0
55.46027764953717,25,5,2,1.0,1.0,1,1,1.0
22.586163177223145,2,12,0,0.0,0.0,0,0,0.0
72.99946189043496,22,3,4,1.0,1.0,0,1,1.0
48.68424352094446,18,2,3,1.0,1.0,1,1,1.0
18.37579314273596,2,12,0,0.0,0.0,0,0,0.0
9.147389243520024,3,8,0,0.0,0.0,0,0,0.0
9.489873300321952,2,7,0,0.0,0.0,0,0,0.0
5.046974800683749,29,0,1,1.0,0.0,0,1,1.0
8.105795587267245,6,12,0,0.0,0.0,0,0,0.0
33.864763831996676,4,14,2,0.0,0.0,0,0,0.0
10.758900094531585,2,7,1,0.0,0.0,0,0,0.0
17.860616675155647,26,23,5,1.0,1.0,1,1,1.0
13.626155732175848,22,5,1,1.0,1.0,0,1,1.0
87.43922503157158,27,3,5,1.0,1.0,1,1,1.0
12.086943791068048,4,11,0,0.0,0.0,0,0,0.0
14.05390882694801,1,15,1,0.0,0.0,0,0,0.0
38.29820612669674,4,15,0,0.0,0.0,0,0,0.0
12.84966079178995,1,9,2,0.0,0.0,0,1,0.0
6.52359796803995,3,12,0,0.0,0.0,0,0,0.0
65.36633307752989,8,21,1,0.0,0.0,0,1,1.0
3.501878004241496,2,18,1,0.0,0.0,0,1,0.0
6.712422826877063,4,9,1,0.0,0.0,0,0,0.0
75.20290827719002,5,10,1,0.0,0.0,0,0,0.0
32.265599468570635,5,10,0,0.0,0.0,0,0,0.0
14.530677936741865,5,7,0,0.0,0.0,0,0,0.0
15.832163222647148,1,17,0,0.0,0.0,0,0,0.0
26.46582018950599,0,11,2,0.0,0.0,0,0,0.0
3.3358316490999114,2,15,0,0.0,0.0,0,0,0.0
29.279026669701206,20,3,6,1.0,1.0,1,1,1.0
9.226250437245763,2,18,0,0.0,0.0,0,0,0.0
47.20221799565314,22,22,7,1.0,0.0,0,0,1.0
26.344905058474765,3,8,0,0.0,0.0,0,0,0.0
8.076137834193839,2,16,0,0.0,0.0,0,0,0.0
16.20841964888904,2,15,1,0.0,0.0,0,0,0.0
14.402498218988253,1,12,0,0.0,0.0,0,0,0.0
3.0731420703545376,3,8,0,0.0,0.0,0,1,0.0
9.777873236168059,29,23,0,1.0,1.0,0,1,1.0
32.8255611555946,1,12,0,0.0,0.0,0,0,0.0
8.593368333521688,2,7,0,0.0,0.0,0,0,0.0
39.06169738718474,7,14,1,0.0,0.0,0,0,0.0
17.607760393940634,5,17,0,0.0,0.0,0,0,0.0
9.229047259417984,23,2,4,1.0,1.0,1,1,1.0
11.310780017408991,3,9,0,0.0,0.0,0,0,0.0
9.338814169542264,4,16,0,0.0,0.0,0,0,0.0
4.368704770145284,25,22,1,1.0,1.0,0,1,1.0
24.218444540979807,4,18,0,0.0,0.0,0,0,0.0
24.484714398130507,0,14,1,0.0,0.0,0,0,0.0
32.844338078869015,1,17,1,0.0,0.0,0,0,0.0
24.698144734312134,4,12,0,0.0,0.0,0,0,0.0
32.69093909553203,3,10,0,0.0,0.0,0,0,0.0
17.9516084047888,3,13,0,0.0,0.0,0,1,0.0
34.55313557559907,4,14,0,0.0,0.0,1,0,0.0
32.99170431556572,19,23,3,0.0,0.0,0,1,1.0
29.03277905202262,3,17,0,0.0,0.0,0,0,0.0
13.534963697573424,2,18,1,0.0,0.0,0,1,0.0
7.550641683521486,4,9,1,0.0,0.0,0,0,0.0
45.970396741671884,19,22,3,1.0,1.0,1,1,1.0
54.22075519778427,5,8,0,0.0,0.0,0,0,0.0
6.884538232426673,3,17,0,0.0,0.0,0,0,0.0
16.834523559872547,15,2,1,0.0,0.0,0,1,1.0
8.09171937165523,1,9,0,0.0,0.0,0,0,0.0
3.5840952159006245,22,23,1,1.0,0.0,1,1,1.0
21.21043939389922,1,12,0,0.0,0.0,0,0,0.0
6.8894577575689855,14,22,1,1.0,0.0,1,1,1.0
34.3779930051945,1,13,0,0.0,0.0,0,0,0.0
14.600937364575442,5,10,2,0.0,0.0,1,0,0.0
1.8101121712115862,4,12,0,0.0,0.0,0,0,0.0
21.715133640480122,3,18,0,0.0,0.0,0,0,0.0
16.992114489397167,15,20,4,1.0,1.0,0,1,1.0
9.32687908136658,17,23,3,1.0,0.0,1,1,1.0
66.52682800591423,4,16,1,0.0,0.0,0,0,0.0
16.7344542349235,4,8,0,0.0,0.0,0,1,0.0
23.553056285864923,2,13,0,0.0,0.0,0,0,0.0
30.991889337213017,4,8,1,0.0,0.0,0,0,0.0
10.326802462662098,4,13,0,0.0,0.0,0,0,0.0
21.28144786286913,3,9,0,0.0,0.0,1,0,0.0
15.042352066140982,3,11,0,0.0,0.0,0,0,0.0
19.19372091408843,5,17,0,0.0,0.0,0,0,0.0
16.905579501052713,3,16,0,0.0,0.0,0,0,0.0
23.23417732568858,5,7,2,0.0,0.0,0,1,0.0
4.785840464409217,17,2,8,0.0,0.0,1,1,1.0
3.9197143946332513,29,3,2,1.0,1.0,0,1,1.0
20.671582779565504,22,23,2,0.0,1.0,1,1,1.0
16.17445108801306,4,18,0,0.0,0.0,0,0,0.0
46.49714412230651,5,16,0,0.0,0.0,0,0,0.0
9.717953546392959,3,7,2,0.0,0.0,0,0,0.0
21.86154516970936,6,17,0,0.0,0.0,1,0,0.0
18.227705739182227,2,16,0,0.0,0.0,0,1,0.0
31.5159922484133,2,7,1,0.0,0.0,0,0,0.0
16.338936943238597,3,14,1,0.0,0.0,0,0,0.0
33.32560616095971,3,13,0,0.0,0.0,0,0,0.0
14.304597726306332,5,17,1,0.0,0.0,0,0,0.0
11.325319766056758,16,2,6,0.0,0.0,0,1,1.0
6.745884715755589,5,15,0,0.0,0.0,0,0,0.0
6.877282117147695,3,10,0,0.0,0.0,1,1,0.0
9.366065293115572,2,15,0,0.0,0.0,1,0,0.0
59.93706641904892,5,9,0,0.0,0.0,0,0,0.0
6.631385974313213,0,12,1,0.0,0.0,0,0,0.0
26.586170153489185,4,16,1,0.0,0.0,0,0,0.0
21.839484552213328,18,21,5,1.0,1.0,0,1,1.0
26.032217791368197,5,10,1,0.0,0.0,0,0,0.0
9.590449170296422,1,12,0,0.0,0.0,0,1,0.0
15.723929640013088,3,18,0,0.0,0.0,0,0,0.0
5.202515336190322,2,18,0,0.0,0.0,0,0,0.0
98.3948765714327,21,5,5,0.0,0.0,0,1,1.0
9.850895712019593,1,13,0,0.0,0.0,0,1,0.0
1.6009504770462437,18,1,3,1.0,0.0,0,1,1.0
11.256323557740238,7,13,0,0.0,0.0,0,0,0.0
25.04220385976046,3,11,0,0.0,0.0,0,1,0.0
13.177413811391885,5,10,0,0.0,0.0,0,0,0.0
50.62393555572168,1,8,0,0.0,0.0,0,0,0.0
52.2635962601463,3,12,0,0.0,0.0,0,0,0.0
48.046655335422926,3,12,0,0.0,0.0,0,0,0.0
9.648446230922172,3,7,0,0.0,0.0,0,0,0.0
8.462008804452893,2,12,1,0.0,0.0,0,0,0.0
35.065827280836416,27,22,1,1.0,0.0,1,1,1.0
20.26353485940634,2,10,0,0.0,0.0,0,0,0.0
9.59207784323348,4,13,0,0.0,0.0,0,0,0.0
37.25250575683643,29,21,2,1.0,1.0,0,1,1.0
30.611546130678047,2,14,0,0.0,0.0,0,0,0.0
12.784349172309803,2,11,0,0.0,0.0,0,0,0.0
25.171637104867067,1,15,1,0.0,0.0,0,0,0.0
17.567572936081476,4,9,0,0.0,0.0,0,0,0.0
20.226765691167135,18,1,2,0.0,0.0,1,1,1.0
8.302837963242885,29,23,3,1.0,0.0,1,1,1.0
79.72234480793071,17,0,4,1.0,1.0,1,1,1.0
5.170650810212313,2,12,0,0.0,0.0,0,0,0.0
8.339004635412467,2,17,0,0.0,0.0,0,1,0.0
13.210945433814189,2,15,0,0.0,0.0,1,0,0.0
24.110751682712845,2,15,0,0.0,0.0,0,1,0.0
8.589633374148493,4,8,1,0.0,0.0,0,0,0.0
4.954313987836613,27,3,2,1.0,1.0,0,1,1.0
1.187587370292868,22,4,4,1.0,1.0,1,1,1.0
81.9190173244721,20,1,2,1.0,1.0,1,1,1.0
7.004598529371947,17,21,3,0.0,1.0,1,1,1.0
25.273029103515654,3,9,0,0.0,0.0,0,0,0.0
10.283334099152398,1,16,0,0.0,0.0,0,0,0.0
3.593171948522547,1,8,0,0.0,0.0,0,0,0.0
26.512376321614365,25,3,5,1.0,0.0,1,1,1.0
13.945025259693507,1,13,0,0.0,0.0,0,0,0.0
7.239257955229913,5,13,0,0.0,0.0,1,0,0.0
5.2136652425274566,3,11,0,0.0,0.0,0,0,0.0
8.282264153310589,20,1,1,1.0,1.0,1,1,1.0
14.489447095913926,26,1,1,1.0,1.0,1,1,1.0
17.30095879093099,1,11,1,0.0,0.0,0,0,0.0
4.499749034924835,7,9,0,0.0,0.0,0,1,0.0
21.919218291727717,20,5,2,1.0,1.0,0,1,1.0
40.24410891482834,27,22,3,1.0,0.0,1,1,1.0
17.982212084571945,1,16,0,0.0,0.0,0,0,0.0
1.6719944403160694,2,12,0,0.0,0.0,0,0,0.0
2.3148431907127023,3,8,0,0.0,0.0,0,1,0.0
35.457241784813306,0,7,0,0.0,0.0,0,0,0.0
22.40924792572578,2,8,1,0.0,0.0,0,1,0.0
8.25789611329286,5,9,0,0.0,0.0,0,0,0.0
24.22925944821232,4,12,0,0.0,0.0,0,0,0.0
24.239347891307315,4,17,1,0.0,0.0,0,0,0.0
10.899710165974867,2,12,0,0.0,0.0,0,0,0.0
18.29194898699561,4,7,1,0.0,0.0,0,0,0.0
19.300025045010205,4,12,0,0.0,0.0,0,0,0.0
3.5657701413069716,6,12,0,0.0,0.0,0,0,0.0
15.876455650272156,27,21,6,1.0,1.0,1,1,1.0
8.383217977007256,4,10,0,0.0,0.0,0,0,0.0
36.560728128969316,2,12,0,0.0,0.0,0,0,0.0
18.44290870680969,0,12,2,0.0,0.0,0,1,0.0
15.658443848081342,17,23,2,0.0,1.0,0,1,1.0
18.633387890734078,2,9,0,0.0,0.0,0,0,0.0
25.55598937547327,4,9,0,0.0,0.0,0,1,0.0
3.565551827000222,3,17,0,0.0,0.0,0,0,0.0
24.239142083758644,5,9,0,0.0,0.0,0,0,0.0
6.0934901793373095,1,13,0,0.0,0.0,0,0,0.0
12.399809186781756,30,2,3,1.0,1.0,1,1,1.0
25.451780356585513,20,5,1,1.0,1.0,1,1,1.0
10.274419068533742,4,18,0,0.0,0.0,0,0,0.0
19.727731584153744,2,13,1,0.0,0.0,0,1,0.0
32.40576449981666,17,2,0,1.0,1.0,1,1,1.0
19.4942538283362,3,10,0,0.0,0.0,0,0,0.0
4.999862772633809,3,7,0,0.0,0.0,0,0,0.0
25.063649558318346,17,6,0,1.0,1.0,0,1,1.0
13.559867559056148,0,10,0,0.0,0.0,0,0,0.0
13.29941858205381,4,15,0,0.0,0.0,0,0,0.0
14.839999605259312,3,16,0,0.0,0.0,0,0,0.0
3.2480054748687834,7,10,0,0.0,0.0,0,0,0.0
41.55593848598932,16,21,3,1.0,1.0,1,1,1.0
54.25837135077544,19,6,3,1.0,1.0,0,1,1.0
12.953164839663833,18,3,1,1.0,1.0,0,1,1.0
17.759560589421238,22,23,2,1.0,1.0,0,1,1.0
7.950606810600568,2,12,0,0.0,0.0,0,1,0.0
1.5351349527898106,3,8,1,0.0,0.0,0,0,0.0
23.866807098369836,4,17,0,0.0,0.0,0,0,0.0
28.74615960790161,3,12,0,0.0,0.0,0,0,0.0
16.219035556701023,6,11,0,0.0,0.0,0,0,0.0
33.911800598642444,24,23,2,1.0,1.0,1,1,1.0
24.71053047011987,1,16,1,0.0,0.0,0,1,0.0
15.852280903010094,4,8,0,0.0,0.0,0,0,0.0
17.29517976195176,4,13,1,0.0,0.0,0,0,0.0
7.559481042109605,1,13,0,0.0,0.0,0,1,0.0
23.542650636550984,2,14,1,0.0,0.0,0,0,0.0
36.222295066324634,1,12,0,0.0,0.0,0,0,0.0
12.5521500259383,5,18,0,0.0,0.0,0,0,0.0
39.20130740594516,3,15,0,0.0,0.0,0,0,0.0
66.27849072137676,18,23,2,1.0,1.0,1,1,1.0
21.63734391911797,1,8,0,0.0,0.0,0,0,0.0
51.15041656411145,4,7,0,0.0,0.0,0,0,0.0
12.145783938440257,6,11,0,0.0,0.0,0,1,0.0
9.032668262358367,4,12,0,0.0,0.0,0,0,0.0
46.45214189680339,1,8,0,0.0,0.0,0,0,0.0
60.556523943267415,22,3,1,1.0,1.0,1,1,1.0
4.182134336009834,2,9,0,0.0,0.0,0,0,0.0
72.97997788782871,1,14,0,0.0,0.0,0,0,0.0
25.778230264263094,3,14,1,0.0,0.0,0,0,0.0
19.837649390145593,24,22,7,1.0,0.0,0,0,1.0
43.06374896473884,2,13,1,0.0,0.0,0,0,0.0
4.897138687544133,13,4,1,1.0,0.0,1,1,1.0
14.190272226431794,2,8,1,0.0,0.0,0,0,0.0
14.1803852192751,6,13,0,0.0,0.0,0,0,0.0
18.73106279986648,2,18,1,0.0,0.0,0,0,0.0
21.47025945722302,1,12,0,0.0,0.0,0,0,0.0
35.40053486415088,2,13,1,0.0,0.0,0,0,0.0
4.090654750939086,1,8,1,0.0,0.0,0,0,0.0
9.45565140348294,22,22,4,1.0,1.0,1,1,1.0
25.205370478018246,2,12,0,0.0,0.0,1,0,0.0
1.7722289074051354,2,8,0,0.0,0.0,0,0,0.0
28.800694989607774,1,7,0,0.0,0.0,0,1,0.0
10.85280654474075,4,12,0,0.0,0.0,0,0,0.0
29.70060094213139,2,9,1,0.0,0.0,0,0,0.0
22.03348428113035,25,20,3,1.0,1.0,0,1,1.0
20.64873470784896,25,21,4,1.0,0.0,1,1,1.0
36.20212758880965,5,14,1,0.0,0.0,0,0,0.0
39.26768187347611,18,6,5,1.0,1.0,0,1,1.0
42.285224671961295,8,7,0,0.0,0.0,0,0,0.0
10.575160578707624,1,12,1,0.0,0.0,0,0,0.0
11.66310179724414,1,17,0,0.0,0.0,0,0,0.0
40.2161794311247,21,3,2,0.0,1.0,0,1,1.0
47.89814022771347,4,15,1,0.0,0.0,0,0,0.0
10.797980215917622,29,4,4,1.0,1.0,0,1,1.0
22.446055420317677,3,8,0,0.0,0.0,0,0,0.0
20.743742601607025,0,8,1,0.0,0.0,0,0,0.0
46.12539535073584,4,8,0,0.0,0.0,0,0,0.0
5.0040724111701795,4,17,0,0.0,0.0,0,0,0.0
1.878070108995631,12,3,4,1.0,0.0,0,1,1.0
46.14780263259032,5,12,0,0.0,0.0,0,0,0.0
15.258169808050127,3,14,1,0.0,0.0,0,0,0.0
43.67169421438371,21,3,1,0.0,1.0,0,1,1.0
19.19152519935468,4,18,2,0.0,0.0,0,0,0.0
19.860183969819552,19,4,4,0.0,1.0,1,1,1.0
54.53374889568992,4,14,0,0.0,0.0,0,0,0.0
4.917146549287276,0,12,0,0.0,0.0,0,0,0.0
4.299690786081206,3,15,0,0.0,0.0,0,0,0.0
53.74544118730594,5,16,0,0.0,0.0,0,0,0.0
25.59772979511863,28,6,3,1.0,0.0,1,1,1.0
13.294696445721874,2,8,0,0.0,0.0,0,0,0.0
37.167806091308805,2,9,0,0.0,0.0,0,0,0.0
38.95601052642701,3,11,0,0.0,0.0,0,0,0.0
76.85145974047893,4,17,0,0.0,0.0,0,0,0.0
40.38842666424575,1,16,0,0.0,0.0,0,1,0.0
81.53729779578975,22,20,2,0.0,1.0,0,1,1.0
2.320314188848893,23,4,6,1.0,0.0,0,1,1.0
1.41492345190102,22,6,2,1.0,1.0,1,1,1.0
27.77531747043389,20,6,6,1.0,1.0,1,1,1.0
38.52177833026465,4,12,0,0.0,0.0,0,0,0.0
29.118429284518832,5,14,0,0.0,0.0,0,0,0.0
17.183529551908773,16,5,11,1.0,0.0,1,1,1.0
15.301639340010828,3,17,0,0.0,0.0,0,0,0.0
4.303891590973045,4,13,0,0.0,0.0,0,0,0.0
13.973624601945573,1,15,1,0.0,0.0,0,0,0.0
34.168726369265954,1,15,0,0.0,0.0,0,1,0.0
5.739028081446755,3,7,1,0.0,0.0,0,0,0.0
22.026145157520098,1,13,1,0.0,0.0,0,0,0.0
36.341979103966565,3,8,0,0.0,0.0,0,0,0.0
29.917017713746866,5,7,2,0.0,0.0,0,0,0.0
19.335135712986663,6,9,0,0.0,0.0,0,0,0.0
8.704940774832725,4,7,0,0.0,0.0,0,0,0.0
4.266754881605031,22,6,3,1.0,1.0,1,1,1.0
17.00955806902959,20,4,6,1.0,1.0,1,1,1.0
41.022624572072104,2,14,1,0.0,0.0,0,0,0.0
9.575016153241677,3,13,0,0.0,0.0,0,0,0.0
19.991791784819206,16,23,2,1.0,1.0,1,1,1.0
3.130912241034289,2,9,0,0.0,0.0,0,0,0.0
46.85557345045105,4,9,1,0.0,0.0,0,0,0.0
3.5031369412858115,3,11,0,0.0,0.0,0,0,0.0
1.046996363185438,24,21,7,0.0,1.0,0,1,1.0
10.396904520564732,6,11,0,0.0,0.0,0,0,0.0
11.411909472848485,6,9,1,0.0,0.0,0,1,0.0
8.7068534604621,3,11,0,0.0,0.0,0,0,0.0
6.654200102462371,16,23,1,1.0,1.0,1,1,1.0
3.2930858295453476,27,22,5,1.0,0.0,1,1,1.0
7.926586418251174,2,8,0,0.0,0.0,0,0,0.0
11.133389783087674,14,22,4,0.0,1.0,1,1,1.0
87.60517645231928,14,5,3,1.0,1.0,1,1,1.0
18.064407609842515,5,18,0,0.0,0.0,0,0,0.0
9.163589571179124,6,12,0,0.0,0.0,0,1,0.0
16.620201334540184,2,12,1,0.0,0.0,0,0,0.0
13.112726386805228,1,12,0,0.0,0.0,0,0,0.0
19.7331067633282,17,5,4,1.0,1.0,1,1,1.0
8.286430518900692,15,20,5,1.0,0.0,0,1,1.0
1.648306062751492,7,9,0,0.0,0.0,1,0,0.0
31.899549177549137,4,7,0,0.0,0.0,0,0,0.0
15.830191782195993,23,3,1,1.0,0.0,1,1,1.0
37.221604369442495,3,10,0,0.0,0.0,0,0,0.0
31.332428392366076,20,20,3,1.0,0.0,1,0,1.0
7.8369417351576605,3,16,0,0.0,0.0,0,0,0.0
70.9322082450325,6,9,0,0.0,0.0,0,0,0.0
17.557854389050497,14,22,0,0.0,0.0,0,1,1.0
9.37072291083335,1,10,1,0.0,0.0,0,0,0.0
15.724084705041562,2,9,0,0.0,0.0,1,0,0.0
6.54198883510852,3,15,0,0.0,0.0,0,0,0.0
16.829762996425828,2,9,0,0.0,0.0,0,0,0.0
75.13554385214807,23,21,4,1.0,1.0,1,1,1.0
2.159149434905854,5,12,0,0.0,0.0,0,0,0.0
28.380726964723607,1,10,0,0.0,0.0,0,0,0.0
3.760351887421551,2,10,0,0.0,0.0,0,0,0.0
8.17794682516999,2,15,0,0.0,0.0,0,1,0.0
11.728154731747642,4,15,0,0.0,0.0,0,0,0.0
16.5090609269219,2,7,0,0.0,0.0,0,0,0.0
29.14675567127874,22,20,0,1.0,1.0,1,1,1.0
45.7520874668209,7,14,0,0.0,0.0,0,0,0.0
16.131193645580453,12,23,0,1.0,1.0,1,1,1.0
52.79473759624467,18,21,1,1.0,1.0,1,0,1.0
14.060151545510589,4,8,0,0.0,0.0,1,0,0.0
5.822542960678582,17,22,3,1.0,1.0,1,1,1.0
17.162119421076735,1,10,0,0.0,0.0,0,0,0.0
13.674943413116127,1,13,1,0.0,0.0,0,0,0.0
22.368765976161015,0,17,1,0.0,0.0,0,0,0.0
26.440616131980153,21,4,4,1.0,1.0,0,1,1.0
4.914873816971529,3,8,0,0.0,0.0,0,0,0.0
53.25389688300209,2,15,0,0.0,0.0,0,0,0.0
10.330862926194511,1,14,0,0.0,0.0,0,0,0.0
28.85537311520423,16,4,4,1.0,1.0,0,1,1.0
42.55372276481495,2,15,0,0.0,0.0,0,0,0.0
41.429913519802255,29,20,1,0.0,1.0,1,1,1.0
4.152821276969209,2,17,0,0.0,0.0,0,0,0.0
11.740763744886127,2,12,0,0.0,0.0,0,0,0.0
2.0429003037836297,24,0,5,1.0,0.0,1,1,1.0
17.456390277852233,2,9,1,0.0,0.0,0,0,0.0
87.07952749641045,18,2,5,1.0,1.0,0,1,1.0
13.096847025755771,1,15,1,0.0,0.0,0,0,0.0
64.23825861813155,22,22,2,1.0,0.0,1,1,1.0
19.241411163796805,21,23,3,0.0,1.0,0,1,1.0
22.878418515158312,19,20,3,1.0,1.0,1,1,1.0
4.299440081952753,2,15,0,0.0,0.0,0,0,0.0
10.430338919116888,1,14,0,0.0,0.0,0,0,0.0
31.812097818028885,5,7,0,0.0,0.0,0,0,0.0
13.287099283025137,1,15,0,0.0,0.0,0,0,0.0
21.89366127693832,2,15,0,0.0,0.0,0,0,0.0
16.985098375463163,4,13,0,0.0,0.0,0,1,0.0
18.683330229672592,1,15,0,0.0,0.0,0,0,0.0
37.62666419718766,26,22,0,1.0,1.0,1,0,1.0
15.999421090130324,16,22,6,1.0,1.0,0,1,1.0
2.453754985810826,16,1,2,1.0,1.0,1,1,1.0
79.14498761862069,20,1,5,1.0,1.0,1,0,1.0
2.8601752538709144,18,0,2,1.0,1.0,0,1,1.0
17.678235092404393,3,13,0,0.0,0.0,0,1,0.0
28.37067825903314,5,18,0,0.0,0.0,0,0,0.0
11.542050740351339,1,10,0,0.0,0.0,0,0,0.0
26.936450399070107,21,5,2,0.0,0.0,1,1,1.0
1.443091314562469,17,3,2,1.0,1.0,1,1,1.0
11.12526408033118,17,6,3,1.0,1.0,0,1,1.0
2.92989071981578,2,11,0,0.0,0.0,0,0,0.0
47.493066693196404,24,1,5,0.0,0.0,0,1,1.0
4.756396092250043,4,11,0,0.0,0.0,0,0,0.0
9.952913850421401,1,18,0,0.0,0.0,0,0,0.0
15.759282205878868,5,9,0,0.0,0.0,0,1,0.0
6.378029180073921,13,2,3,1.0,1.0,0,1,1.0
11.804614136051148,7,17,1,0.0,0.0,0,0,0.0
13.81432556741169,18,4,4,0.0,0.0,1,1,1.0
19.98960993141958,25,5,4,0.0,0.0,1,1,1.0
28.493126745335033,27,0,0,1.0,0.0,0,1,1.0
88.06898868003888,20,21,6,1.0,1.0,0,1,1.0
11.229392444249843,2,12,1,0.0,0.0,0,0,0.0
20.78930304781394,3,17,0,0.0,0.0,0,0,0.0
7.123918756608719,0,11,1,0.0,0.0,0,1,0.0
34.29502364465071,3,8,0,0.0,0.0,0,0,0.0
47.38536456383721,3,8,0,0.0,0.0,0,1,0.0
11.135713970662106,3,9,0,0.0,0.0,0,0,0.0
7.481184392422971,1,14,0,0.0,0.0,0,0,0.0
12.845032178696396,3,14,1,0.0,0.0,0,0,0.0
21.091853289366238,14,23,6,1.0,1.0,1,1,1.0
8.4209983156992,20,21,3,1.0,0.0,1,1,1.0
9.329806273929629,2,8,1,0.0,0.0,0,0,0.0
20.033417516449866,7,18,0,0.0,0.0,0,0,0.0
19.735499916874105,2,16,0,0.0,0.0,0,1,0.0
7.391777105705169,1,16,1,0.0,0.0,0,0,0.0
15.217791770846008,4,11,0,0.0,0.0,0,0,0.0
11.167708129511864,3,14,2,0.0,0.0,0,1,0.0
18.268412805663097,1,15,0,0.0,0.0,0,0,0.0
4.727934438346733,5,13,0,0.0,0.0,0,0,0.0
34.830957304750875,2,17,1,0.0,0.0,0,0,0.0
19.989602640646467,2,18,1,0.0,0.0,0,0,0.0
3.76199724686522,6,9,1,0.0,0.0,0,1,0.0
26.46391841532996,3,8,0,0.0,0.0,0,0,0.0
19.845493782501766,3,15,1,0.0,0.0,0,0,0.0
13.141505750044464,5,12,0,0.0,0.0,0,0,0.0
19.35447008082443,7,16,0,0.0,0.0,0,0,0.0
26.548792718459467,6,7,0,0.0,0.0,0,0,0.0
51.34382528203019,17,4,3,0.0,1.0,1,1,1.0
19.943395206268132,4,10,0,0.0,0.0,0,1,0.0
0.007231011942919013,16,23,3,1.0,0.0,1,1,1.0
13.380406418781826,24,2,3,1.0,1.0,0,1,1.0
18.205065888311683,2,16,1,0.0,0.0,0,0,0.0
10.052844807180977,3,10,0,0.0,0.0,0,0,0.0
20.09795313383433,2,15,0,0.0,0.0,0,0,0.0
17.44292234972594,4,16,0,0.0,0.0,0,0,0.0
6.955147034844219,5,12,1,0.0,0.0,1,0,0.0
13.491050401022564,24,4,3,0.0,1.0,0,0,1.0
16.247389608408934,1,15,0,0.0,0.0,0,0,0.0
18.978355743570706,0,18,0,0.0,0.0,0,1,0.0
19.33950417888135,2,9,1,0.0,0.0,1,0,0.0
15.231263773112067,2,8,1,0.0,0.0,0,0,0.0
23.345837761461734,21,23,0,1.0,0.0,0,1,1.0
27.87149756408858,11,3,0,0.0,1.0,1,1,1.0
25.14419151279887,4,7,1,0.0,0.0,0,0,0.0
26.260634785546383,3,7,0,0.0,0.0,0,0,0.0
6.311876548292238,3,9,1,0.0,0.0,0,0,0.0
58.839079975297274,17,21,5,1.0,0.0,1,1,1.0
6.202332464864017,17,6,2,1.0,0.0,0,1,1.0
9.841535775489767,20,3,4,1.0,0.0,1,1,1.0
8.419827239404482,22,23,6,1.0,1.0,1,1,1.0
5.13687615141979,20,3,7,1.0,0.0,1,0,1.0
24.36863580665577,3,12,0,0.0,0.0,1,1,0.0
9.841175190526835,3,13,0,0.0,0.0,0,0,0.0
9.131262291327465,23,4,1,1.0,1.0,0,1,1.0
21.016742884760813,14,21,0,0.0,0.0,0,1,1.0
4.212869287224811,15,21,2,1.0,1.0,1,0,1.0
8.041168821276495,5,15,0,0.0,0.0,1,0,0.0
13.235403526491606,17,1,4,1.0,1.0,0,1,1.0
48.122486405910976,2,18,0,0.0,0.0,0,0,0.0
43.45870347464172,22,23,0,1.0,1.0,0,1,1.0
52.403748441810414,1,18,0,0.0,0.0,0,0,0.0
124.66486415696491,16,22,3,1.0,1.0,1,1,1.0
28.916029459207646,21,23,5,1.0,1.0,1,1,1.0
18.58611251393791,20,3,0,1.0,1.0,0,1,1.0
44.14743823201515,27,3,6,1.0,1.0,0,1,1.0
8.386093214828442,3,9,0,0.0,0.0,0,0,0.0
27.575122191504846,9,17,1,0.0,0.0,0,0,0.0
0.6098076301273366,24,2,10,1.0,1.0,0,1,1.0
26.522542027154095,4,11,1,0.0,0.0,0,0,0.0
63.93352326785056,0,14,0,0.0,0.0,0,0,0.0
3.826370176766776,21,22,8,0.0,1.0,1,1,1.0
17.8097149104532,2,11,0,0.0,0.0,0,0,0.0
88.29812241952055,15,0,4,0.0,1.0,0,1,1.0
17.815886015538528,7,18,0,0.0,0.0,0,0,0.0
6.957965825475256,4,9,0,0.0,0.0,0,0,0.0
14.782922005596596,6,11,1,0.0,0.0,0,0,0.0
30.836150025857716,5,10,1,0.0,0.0,0,0,0.0
28.509706239571827,2,16,0,0.0,0.0,0,0,0.0
17.23869261353149,1,11,0,0.0,0.0,0,0,0.0
15.690971963520981,2,16,1,0.0,0.0,0,0,0.0
41.31494632036259,3,18,1,0.0,0.0,0,1,0.0
7.3712160873253465,3,18,1,0.0,0.0,0,0,0.0
45.782911593116246,1,7,0,0.0,0.0,0,0,0.0
5.308680718022492,20,3,1,1.0,0.0,1,1,1.0
21.346263147526173,21,20,8,1.0,0.0,1,1,1.0
4.402946088839609,23,4,3,1.0,0.0,0,1,1.0
18.140075414721657,2,16,0,0.0,0.0,0,0,0.0
32.453951404038996,3,9,1,0.0,0.0,0,0,0.0
43.19537643791675,5,14,1,0.0,0.0,0,0,0.0
14.187145143719537,15,1,1,1.0,0.0,1,1,1.0
6.976006209916552,4,15,1,0.0,0.0,0,0,0.0
30.216999222587727,2,18,0,0.0,0.0,1,0,0.0
17.28610021221814,3,18,0,0.0,0.0,0,0,0.0
93.69337617700414,21,6,2,1.0,0.0,0,1,1.0
25.810817468347352,4,15,0,0.0,0.0,0,0,0.0
17.44840486500362,4,8,0,0.0,0.0,0,0,0.0
63.47387929665405,13,5,3,0.0,1.0,1,1,1.0
83.27603817206816,20,1,3,1.0,0.0,0,1,1.0
77.00579676537689,17,3,0,1.0,1.0,1,1,1.0
41.63564640858656,2,11,0,0.0,0.0,0,0,0.0
96.2619344038082,21,22,1,1.0,1.0,0,1,1.0
27.110729468439885,4,13,0,0.0,0.0,0,0,0.0
32.28847676216387,1,16,0,0.0,0.0,0,0,0.0
19.584570915616602,4,10,1,0.0,0.0,0,0,0.0
15.310749537832592,13,21,2,1.0,1.0,1,1,1.0
14.685963163350033,3,12,0,0.0,0.0,0,0,0.0
43.35161925686192,4,8,1,0.0,0.0,0,1,0.0
10.715540770010854,2,15,0,0.0,0.0,0,0,0.0
28.934546398238304,2,8,0,0.0,0.0,0,0,0.0
46.671438053898406,4,13,1,0.0,0.0,0,0,0.0
10.372670444422269,2,15,1,0.0,0.0,0,1,0.0
14.83933790702838,0,11,0,0.0,0.0,0,0,0.0
107.3238720839152,21,1,2,1.0,0.0,0,1,1.0
13.419732202663464,6,9,0,0.0,0.0,0,0,0.0
10.442237125417574,5,8,0,0.0,0.0,0,0,0.0
6.060655521118967,22,2,1,1.0,1.0,0,1,1.0
3.818292143067265,2,10,0,0.0,0.0,0,0,0.0
5.617668638968158,23,20,5,0.0,0.0,1,1,1.0
13.073814349834743,3,15,0,0.0,0.0,0,0,0.0
4.056186530391256,17,22,4,1.0,1.0,1,1,1.0
39.83953683078524,1,12,1,0.0,0.0,0,0,0.0
8.509323577753854,21,0,4,0.0,1.0,1,1,1.0
20.802236705702892,3,8,1,0.0,0.0,0,0,0.0
12.55862258781274,4,13,0,0.0,0.0,0,0,0.0
8.010470482113469,2,11,0,0.0,0.0,0,0,0.0
16.06823343229997,4,7,0,0.0,0.0,0,0,0.0
8.741301074033185,16,21,3,1.0,0.0,0,1,1.0
28.47389927444286,4,17,1,0.0,0.0,0,0,0.0
16.493024789402646,3,9,0,0.0,0.0,0,0,0.0
31.680249489930894,3,16,1,0.0,0.0,0,0,0.0
7.982500934925822,19,21,1,1.0,1.0,0,1,1.0
20.96454298724485,2,7,0,0.0,0.0,0,0,0.0
86.10478272254943,16,0,1,1.0,1.0,0,1,1.0
15.806664833242657,29,1,5,0.0,0.0,1,1,1.0
9.167015072834019,1,15,0,0.0,0.0,1,1,0.0
0.8729925638013091,3,14,0,0.0,0.0,0,1,0.0
72.51437413903034,12,2,5,1.0,1.0,1,1,1.0
1.3166968193853057,2,16,0,0.0,0.0,0,0,0.0
2.635151456286417,3,15,1,0.0,0.0,0,0,0.0
9.966468409985831,22,3,5,1.0,0.0,1,1,1.0
21.784871403084985,5,14,0,0.0,0.0,0,0,0.0
5.987959174790392,1,7,0,0.0,0.0,0,0,0.0
12.17318813658654,2,8,1,0.0,0.0,1,0,0.0
7.040474346166972,3,14,1,0.0,0.0,0,0,0.0
29.83097851771503,2,18,0,0.0,0.0,0,0,0.0
33.534602452697754,15,20,3,1.0,1.0,1,1,1.0
18.533886117004485,10,22,3,1.0,0.0,1,0,1.0
44.70606959173066,21,22,4,1.0,1.0,1,1,1.0
14.485066083877697,2,7,1,0.0,0.0,0,0,0.0
10.50568674221667,3,10,0,0.0,0.0,0,0,0.0
7.091745902783811,18,2,1,0.0,1.0,1,1,1.0
30.434031021373663,25,6,4,1.0,0.0,0,1,1.0
26.417326785479304,7,18,0,0.0,0.0,0,0,0.0
6.791665891135925,5,7,0,0.0,0.0,0,0,0.0
1.68862845395904,3,12,0,0.0,0.0,0,0,0.0
2.080215991579163,19,22,1,1.0,0.0,1,1,1.0
2.6118376521650224,14,21,3,1.0,1.0,0,1,1.0
49.31346537425508,4,8,0,0.0,0.0,0,0,0.0
19.092596219735746,19,23,2,1.0,0.0,1,1,1.0
30.82590777191843,18,4,2,1.0,1.0,0,1,1.0
26.051998107657287,2,9,2,0.0,0.0,0,0,0.0
43.65176867483528,4,14,2,0.0,0.0,0,0,0.0
4.049978858327814,13,23,2,1.0,1.0,1,1,1.0
11.295195197667027,3,18,0,0.0,0.0,0,0,0.0
24.621953752609944,25,21,1,1.0,1.0,1,0,1.0
8.295328813709407,6,8,0,0.0,0.0,0,0,0.0
19.325024269838465,3,17,0,0.0,0.0,0,0,0.0
8.40281640592655,1,13,0,0.0,0.0,0,0,0.0
16.398281884635278,5,9,0,0.0,0.0,0,0,0.0
40.11517356340847,4,13,0,0.0,0.0,1,1,0.0
15.87050791969167,6,16,0,0.0,0.0,0,0,0.0
19.87690699115133,1,13,0,0.0,0.0,0,0,0.0
6.474939421817184,29,23,2,1.0,1.0,1,1,1.0
14.8715851007658,0,10,1,0.0,0.0,0,0,0.0
9.100987525207934,19,1,4,1.0,1.0,1,1,1.0
19.334656700247177,3,15,1,0.0,0.0,0,0,0.0
22.909414320204135,21,5,2,1.0,0.0,1,1,1.0
20.35745400711905,5,15,1,0.0,0.0,0,0,0.0
20.02921055616514,19,23,6,1.0,0.0,1,1,1.0
